PID,RESPONSE,RT,STIM,GROUP,PICNOS1,PICNOS2,MATCH,ORTN1,ORTN2,PICID1,PICID2,DAY,SESSION
1,1,772,4,4,93,91,1,3,1,1,1,1,1
1,1,829,5,4,106,108,1,1,3,25,25,1,1
1,2,811,6,4,109,110,1,1,2,28,28,1,1
1,2,1041,7,4,116,105,2,2,3,31,15,1,1
1,2,1419,8,4,100,114,2,1,3,14,30,1,1
1,1,620,9,4,119,120,1,2,3,35,35,1,1
1,2,725,10,4,104,96,2,2,3,15,6,1,1
1,1,737,11,3,73,74,1,1,2,18,18,1,1
1,2,1525,12,3,77,70,2,2,1,19,16,1,1
1,2,1071,13,3,71,63,2,2,3,16,3,1,1
1,1,1387,14,3,67,69,1,1,3,10,10,1,1
1,1,1308,15,3,85,84,2,1,3,23,22,1,1
1,1,798,16,3,80,81,1,2,3,21,21,1,1
1,2,822,17,3,63,76,2,3,1,3,19,1,1
1,1,710,18,3,90,89,1,3,2,36,36,1,1
1,2,1124,19,3,82,87,2,1,3,22,23,1,1
1,1,1210,20,3,66,65,1,3,2,9,9,1,1
1,1,881,21,4,91,92,1,1,2,1,1,1,1
1,2,1067,22,4,114,101,2,3,2,30,14,1,1
1,2,1096,23,4,110,109,1,2,1,28,28,1,1
1,1,1123,24,4,95,96,1,2,3,6,6,1,1
1,2,1461,25,4,100,119,2,1,2,14,35,1,1
1,2,892,26,4,107,114,2,2,3,25,30,1,1
1,2,991,27,4,97,107,2,1,2,7,25,1,1
1,1,1928,28,4,103,104,1,1,2,15,15,1,1
1,2,804,29,4,120,97,2,3,1,35,7,1,1
1,1,1324,30,4,117,116,1,3,2,31,31,1,1
1,2,916,31,3,69,85,2,3,1,10,23,1,1
1,2,749,32,3,65,79,2,2,1,9,21,1,1
1,1,1185,33,3,70,71,1,1,2,16,16,1,1
1,1,598,34,3,81,73,2,3,1,21,18,1,1
1,1,676,35,3,62,61,1,2,1,3,3,1,1
1,2,916,36,3,73,68,2,1,2,18,10,1,1
1,1,556,37,3,90,89,1,3,2,36,36,1,1
1,1,684,38,3,83,84,1,2,3,22,22,1,1
1,2,1186,39,3,76,78,1,1,3,19,19,1,1
1,2,950,40,3,85,66,2,1,3,23,9,1,1
1,2,1453,41,1,18,16,1,3,1,29,29,1,1
1,1,1285,42,1,23,22,1,2,1,34,34,1,1
1,2,1192,43,1,29,15,2,2,3,40,24,1,1
1,2,792,44,1,26,12,2,2,3,38,13,1,1
1,2,813,45,1,3,28,2,3,1,2,40,1,1
1,1,1128,46,1,19,21,1,1,3,32,32,1,1
1,1,792,47,1,6,5,1,3,2,4,4,1,1
1,2,797,48,1,13,2,2,1,2,24,2,1,1
1,1,571,49,1,7,8,1,1,2,12,12,1,1
1,2,818,50,1,10,27,2,1,3,13,38,1,1
1,2,831,51,2,54,52,1,3,1,33,33,1,1
1,2,790,52,2,32,46,2,2,1,5,26,1,1
1,2,739,53,2,44,33,2,2,3,20,5,1,1
1,1,555,54,2,48,35,2,3,2,26,8,1,1
1,1,714,55,2,37,38,1,1,2,11,11,1,1
1,2,775,56,2,34,60,2,1,3,8,39,1,1
1,2,600,57,2,58,45,2,1,3,39,20,1,1
1,1,1075,58,2,40,41,1,1,2,17,17,1,1
1,1,732,59,2,56,55,1,2,1,37,37,1,1
1,1,615,60,2,51,50,1,3,2,27,27,1,1
1,1,1317,61,1,26,25,1,2,1,38,38,1,1
1,2,825,62,1,11,24,2,2,3,13,34,1,1
1,2,925,63,1,9,2,2,3,2,12,2,1,1
1,1,800,64,1,6,5,1,3,2,4,4,1,1
1,2,1716,65,1,30,29,1,3,2,40,40,1,1
1,1,1251,66,1,13,12,2,1,3,24,13,1,1
1,2,1479,67,1,16,18,1,1,3,29,29,1,1
1,2,935,68,1,1,8,2,1,2,2,12,1,1
1,1,1412,69,1,19,20,1,1,2,32,32,1,1
1,2,724,70,1,23,15,2,2,3,34,24,1,1
1,2,1049,71,2,50,37,2,2,1,27,11,1,1
1,1,992,72,2,32,33,1,2,3,5,5,1,1
1,1,776,73,2,58,59,1,1,2,39,39,1,1
1,2,907,74,2,47,42,2,2,3,26,17,1,1
1,2,1321,75,2,36,46,2,3,1,8,26,1,1
1,2,667,76,2,40,50,2,1,2,17,27,1,1
1,1,707,77,2,55,56,1,1,2,37,37,1,1
1,1,1041,78,2,52,53,1,1,2,33,33,1,1
1,2,935,79,2,39,35,2,3,2,11,8,1,1
1,2,1136,80,2,45,44,1,3,2,20,20,1,1
2,1,2060,1,4,105,103,1,3,1,15,15,1,1
2,1,1206,2,4,119,120,1,2,3,35,35,1,1
2,1,1140,3,4,108,106,1,3,1,25,25,1,1
2,2,1214,5,4,93,109,2,3,1,1,28,1,1
2,2,1485,6,4,98,96,2,2,3,7,6,1,1
2,1,1156,7,4,100,101,1,1,2,14,14,1,1
2,2,1381,8,4,94,99,2,1,3,6,7,1,1
2,2,1485,9,4,109,113,2,1,2,28,30,1,1
2,2,1852,10,4,113,91,2,2,1,30,1,1,1
2,1,1723,11,1,23,16,2,2,1,34,29,1,1
2,2,2074,12,1,16,20,2,1,2,29,32,1,1
2,2,1737,13,1,8,1,2,2,1,12,2,1,1
2,1,1197,14,1,12,10,1,3,1,13,13,1,1
2,2,1114,15,1,21,23,2,3,2,32,34,1,1
2,1,1304,16,1,6,4,1,3,1,4,4,1,1
2,1,1581,17,1,28,30,1,1,3,40,40,1,1
2,1,1665,18,1,14,13,1,2,1,24,24,1,1
2,1,1607,19,1,25,26,1,1,2,38,38,1,1
2,2,1959,20,1,1,8,2,1,2,2,12,1,1
2,2,1222,21,3,75,77,2,3,2,18,19,1,1
2,2,1674,22,3,77,64,2,2,1,19,9,1,1
2,1,1492,23,3,86,85,1,2,1,23,23,1,1
2,1,1168,24,3,82,83,1,1,2,22,22,1,1
2,2,1087,25,3,79,63,2,1,3,21,3,1,1
2,1,1044,26,3,90,88,1,3,1,36,36,1,1
2,2,1075,27,3,70,72,1,1,3,16,16,1,1
2,2,913,28,3,63,79,2,3,1,3,21,1,1
2,2,959,29,3,65,75,2,2,3,9,18,1,1
2,1,1445,30,3,67,69,1,1,3,10,10,1,1
2,2,1148,31,4,91,107,2,1,2,1,25,1,1
2,1,1760,32,4,110,111,1,2,3,28,28,1,1
2,1,1659,33,4,115,116,1,1,2,31,31,1,1
2,1,1850,34,4,113,112,1,2,1,30,30,1,1
2,1,1096,35,4,97,99,1,1,3,7,7,1,1
2,2,1096,36,4,101,94,2,2,1,14,6,1,1
2,1,1252,37,4,120,118,1,3,1,35,35,1,1
2,2,1195,38,4,103,101,2,1,2,15,14,1,1
2,2,769,39,4,96,91,2,3,1,6,1,1,1
2,1,1024,40,4,108,103,2,3,1,25,15,1,1
2,1,1842,41,1,4,5,1,1,2,4,4,1,1
2,2,1424,42,1,2,24,2,2,3,2,34,1,1
2,2,1053,43,1,15,8,2,3,2,24,12,1,1
2,1,1267,44,1,10,11,1,1,2,13,13,1,1
2,1,1347,46,1,21,19,1,3,1,32,32,1,1
2,1,1275,47,1,30,28,1,3,1,40,40,1,1
2,2,1341,48,1,17,13,2,2,1,29,24,1,1
2,2,1080,49,1,7,2,2,1,2,12,2,1,1
2,2,1582,50,1,23,18,2,2,3,34,29,1,1
2,2,2049,51,2,39,46,2,3,1,11,26,1,1
2,1,1199,52,2,51,49,1,3,1,27,27,1,1
2,2,1765,53,2,52,54,1,1,3,33,33,1,1
2,1,764,54,2,55,56,1,1,2,37,37,1,1
2,2,749,55,2,44,58,2,2,1,20,39,1,1
2,2,1016,56,2,48,43,2,3,1,26,20,1,1
2,1,1103,57,2,35,36,1,2,3,8,8,1,1
2,2,1246,58,2,31,38,2,1,2,5,11,1,1
2,2,2178,59,2,59,31,2,2,1,39,5,1,1
2,1,1321,60,2,40,42,1,1,3,17,17,1,1
2,1,2100,61,3,69,67,1,3,1,10,10,1,1
2,1,830,62,3,65,66,1,2,3,9,9,1,1
2,2,957,63,3,85,63,2,1,3,23,3,1,1
2,2,1198,64,3,83,85,2,2,1,22,23,1,1
2,1,808,65,3,79,81,1,1,3,21,21,1,1
2,2,739,66,3,63,70,2,3,1,3,16,1,1
2,1,1160,67,3,73,74,1,1,2,18,18,1,1
2,2,1164,68,3,72,88,2,3,1,16,36,1,1
2,1,980,69,3,76,77,1,1,2,19,19,1,1
2,2,944,70,3,89,84,2,2,3,36,22,1,1
2,1,1026,71,2,52,53,1,1,2,33,33,1,1
2,1,1702,72,2,48,46,1,3,1,26,26,1,1
2,2,1023,73,2,55,39,2,1,3,37,11,1,1
2,2,987,74,2,33,56,2,3,2,5,37,1,1
2,2,1582,75,2,34,50,2,1,2,8,27,1,1
2,1,1407,76,2,43,44,1,1,2,20,20,1,1
2,1,1595,78,2,59,58,1,2,1,39,39,1,1
2,2,2170,79,2,38,34,2,2,1,11,8,1,1
2,2,1472,80,2,51,31,2,3,1,27,5,1,1
4,1,1783,1,1,3,1,1,3,1,2,2,1,1
4,2,1910,2,1,16,18,1,1,3,29,29,1,1
4,2,2246,3,1,5,9,2,2,3,4,12,1,1
4,1,1456,4,1,19,21,1,1,3,32,32,1,1
4,1,1879,5,1,27,26,1,3,2,38,38,1,1
4,2,2232,6,1,29,12,2,2,3,40,13,1,1
4,2,1918,7,1,13,6,2,1,3,24,4,1,1
4,2,1910,8,1,12,14,2,3,2,13,24,1,1
4,2,1863,9,1,7,29,2,1,2,12,40,1,1
4,1,1840,10,1,23,22,1,2,1,34,34,1,1
4,1,1370,11,2,47,48,1,2,3,26,26,1,1
4,2,1737,12,2,32,51,2,2,3,5,27,1,1
4,2,1938,13,2,44,52,2,2,1,20,33,1,1
4,1,1375,14,2,37,39,1,1,3,11,11,1,1
4,1,1342,15,2,54,44,2,3,2,33,20,1,1
4,1,1444,16,2,34,36,1,1,3,8,8,1,1
4,2,1510,17,2,57,32,2,3,2,37,5,1,1
4,2,1776,18,2,49,57,2,1,3,27,37,1,1
4,1,1380,19,2,60,58,1,3,1,39,39,1,1
4,1,1389,20,2,40,42,1,1,3,17,17,1,1
4,2,1681,21,3,80,85,2,2,1,21,23,1,1
4,1,1589,22,3,61,62,1,1,2,3,3,1,1
4,1,1409,23,3,90,88,1,3,1,36,36,1,1
4,1,1619,24,3,64,65,1,1,2,9,9,1,1
4,2,1442,25,3,69,82,2,3,1,10,22,1,1
4,2,1984,26,3,84,67,2,3,1,22,10,1,1
4,1,1346,27,3,71,70,1,2,1,16,16,1,1
4,1,1854,28,3,77,78,1,2,3,19,19,1,1
4,2,1732,29,3,85,75,2,1,3,23,18,1,1
4,1,1285,30,3,73,80,2,1,2,18,21,1,1
4,2,2273,31,4,111,109,1,3,1,28,28,1,1
4,1,1610,32,4,97,99,1,1,3,7,7,1,1
4,1,1137,33,4,102,100,1,3,1,14,14,1,1
4,2,1392,34,4,93,104,2,3,2,1,15,1,1
4,1,2033,35,4,115,113,2,1,2,31,30,1,1
4,1,2128,36,4,119,118,1,2,1,35,35,1,1
4,2,1405,37,4,94,92,2,1,2,6,1,1,1
4,2,1711,38,4,103,117,2,1,3,15,31,1,1
4,2,1526,39,4,113,94,2,2,1,30,6,1,1
4,1,1466,40,4,107,106,1,2,1,25,25,1,1
4,1,1916,41,1,14,13,1,2,1,24,24,1,1
4,1,1553,42,1,4,5,1,1,2,4,4,1,1
4,1,1951,43,1,10,23,2,1,2,13,34,1,1
4,1,1711,44,1,20,19,1,2,1,32,32,1,1
4,2,1359,45,1,18,16,1,3,1,29,29,1,1
4,2,1209,46,1,28,8,2,1,2,40,12,1,1
4,1,1022,47,1,1,3,1,1,3,2,2,1,1
4,2,1335,48,1,8,28,2,2,1,12,40,1,1
4,2,1577,49,1,24,25,2,3,1,34,38,1,1
4,2,1992,50,1,27,10,2,3,1,38,13,1,1
4,2,1909,51,2,31,38,2,1,2,5,11,1,1
4,2,1786,52,2,51,52,2,3,1,27,33,1,1
4,1,1240,53,2,58,59,1,1,2,39,39,1,1
4,1,1455,54,2,46,48,1,1,3,26,26,1,1
4,2,1482,55,2,39,32,2,3,2,11,5,1,1
4,1,1407,56,2,35,34,1,2,1,8,8,1,1
4,2,2181,57,2,42,50,2,3,2,17,27,1,1
4,1,2050,58,2,43,44,1,1,2,20,20,1,1
4,1,1558,59,2,56,55,1,2,1,37,37,1,1
4,2,1777,60,2,53,40,2,2,1,33,17,1,1
4,1,1618,61,3,72,71,1,3,2,16,16,1,1
4,2,1330,62,3,90,85,2,3,1,36,23,1,1
4,1,1105,63,3,74,75,1,2,3,18,18,1,1
4,1,1396,64,3,61,63,1,1,3,3,3,1,1
4,2,1866,65,3,82,81,2,1,3,22,21,1,1
4,2,1633,66,3,68,67,1,2,1,10,10,1,1
4,1,1687,67,3,65,66,1,2,3,9,9,1,1
4,2,2102,68,3,87,83,2,3,2,23,22,1,1
4,2,1636,69,3,76,90,2,1,3,19,36,1,1
4,2,1310,70,3,79,78,2,1,3,21,19,1,1
4,1,1270,71,4,97,98,1,1,2,7,7,1,1
4,1,1948,72,4,113,112,1,2,1,30,30,1,1
4,1,1453,73,4,116,117,1,2,3,31,31,1,1
4,2,1109,74,4,93,106,2,3,1,1,25,1,1
4,2,1090,75,4,102,103,2,3,1,14,15,1,1
4,2,899,76,4,118,93,2,1,3,35,1,1,1
4,1,1080,77,4,96,95,1,3,2,6,6,1,1
4,2,1151,78,4,103,101,2,1,2,15,14,1,1
4,2,1410,79,4,107,118,2,2,1,25,35,1,1
4,1,1565,80,4,109,110,1,1,2,28,28,1,1
5,2,1821,1,3,90,79,2,3,1,36,21,1,1
5,1,1319,2,3,78,76,1,3,1,19,19,1,1
5,2,1424,3,3,85,86,1,1,2,23,23,1,1
5,2,1224,4,3,64,83,2,1,2,9,22,1,1
5,1,1483,5,3,73,75,1,1,3,18,18,1,1
5,2,1458,6,3,71,66,2,2,3,16,9,1,1
5,2,1518,7,3,83,70,2,2,1,22,16,1,1
5,2,1050,8,3,79,89,2,1,2,21,36,1,1
5,1,1997,9,3,68,67,1,2,1,10,10,1,1
5,1,1259,10,3,63,62,1,3,2,3,3,1,1
5,1,1797,11,4,97,98,1,1,2,7,7,1,1
5,1,1286,12,4,102,100,1,3,1,14,14,1,1
5,2,1484,13,4,93,112,2,3,1,1,30,1,1
5,2,1282,14,4,95,115,2,2,1,6,31,1,1
5,1,1115,15,4,118,120,1,1,3,35,35,1,1
5,1,1776,16,4,109,110,1,1,2,28,28,1,1
5,2,1160,17,4,114,106,2,3,1,30,25,1,1
5,2,1252,18,4,116,96,2,2,3,31,6,1,1
5,1,1168,19,4,104,105,1,2,3,15,15,1,1
5,2,1798,20,4,106,93,2,1,3,25,1,1,1
5,1,1906,21,1,21,19,1,3,1,32,32,1,1
5,2,1558,22,1,1,12,2,1,3,2,13,1,1
5,2,1262,23,1,11,9,2,2,3,13,12,1,1
5,2,2207,24,1,27,4,2,3,1,38,4,1,1
5,2,1296,25,1,8,1,2,2,1,12,2,1,1
5,1,1075,26,1,15,13,1,3,1,24,24,1,1
5,1,1165,27,1,17,16,1,2,1,29,29,1,1
5,2,1085,28,1,22,23,1,1,2,34,34,1,1
5,2,1057,29,1,4,26,2,1,2,4,38,1,1
5,1,1492,30,1,28,30,1,1,3,40,40,1,1
5,2,901,31,3,81,71,2,3,2,21,16,1,1
5,2,887,32,3,89,66,2,2,3,36,9,1,1
5,1,1458,33,3,67,68,1,1,2,10,10,1,1
5,1,1142,34,3,61,62,1,1,2,3,3,1,1
5,2,935,35,3,70,90,2,1,3,16,36,1,1
5,2,1199,36,3,66,86,2,3,2,9,23,1,1
5,2,1121,37,3,86,79,2,2,1,23,21,1,1
5,1,956,38,3,73,75,1,1,3,18,18,1,1
5,2,1581,39,3,77,78,1,2,3,19,19,1,1
5,2,1535,40,3,84,82,1,3,1,22,22,1,1
5,1,2230,41,2,58,60,1,1,3,39,39,1,1
5,2,971,42,2,37,51,2,1,3,11,27,1,1
5,2,1232,43,2,36,43,2,3,1,8,20,1,1
5,2,1694,44,2,53,52,1,2,1,33,33,1,1
5,2,1011,45,2,50,57,2,2,3,27,37,1,1
5,1,1207,46,2,46,47,1,1,2,26,26,1,1
5,1,953,47,2,42,40,1,3,1,17,17,1,1
5,2,956,48,2,45,35,2,3,2,20,8,1,1
5,1,1147,49,2,32,33,1,2,3,5,5,1,1
5,2,1223,50,2,55,38,2,1,2,37,11,1,1
5,1,896,51,4,106,108,1,1,3,25,25,1,1
5,2,1025,52,4,120,100,2,3,1,35,14,1,1
5,2,864,53,4,100,116,2,1,2,14,31,1,1
5,2,857,54,4,95,97,2,2,1,6,7,1,1
5,1,999,55,4,114,112,1,3,1,30,30,1,1
5,2,823,56,4,111,109,1,3,1,28,28,1,1
5,1,1941,57,4,115,119,2,1,2,31,35,1,1
5,1,853,58,4,91,92,1,1,2,1,1,1,1
5,2,823,59,4,98,94,2,2,1,7,6,1,1
5,1,908,60,4,104,103,1,2,1,15,15,1,1
5,1,1316,61,1,28,29,1,1,2,40,40,1,1
5,1,1074,62,1,10,12,1,1,3,13,13,1,1
5,2,1395,63,1,17,24,2,2,3,29,34,1,1
5,2,1174,64,1,25,21,2,1,3,38,32,1,1
5,2,1531,65,1,24,8,2,3,2,34,12,1,1
5,1,652,66,1,2,1,1,2,1,2,2,1,1
5,2,1416,67,1,9,16,2,3,1,12,29,1,1
5,1,742,68,1,13,15,1,1,3,24,24,1,1
5,2,853,69,1,20,25,2,2,1,32,38,1,1
5,1,1587,70,1,6,4,1,3,1,4,4,1,1
5,2,795,71,2,47,39,2,2,3,26,11,1,1
5,1,767,72,2,50,60,2,2,3,27,39,1,1
5,2,1061,73,2,53,49,2,2,1,33,27,1,1
5,1,940,74,2,57,55,1,3,1,37,37,1,1
5,1,992,75,2,42,40,1,3,1,17,17,1,1
5,2,1338,76,2,58,48,2,1,3,39,26,1,1
5,2,1073,77,2,37,54,2,1,3,11,33,1,1
5,1,720,78,2,36,35,1,3,2,8,8,1,1
5,1,1128,79,2,31,32,1,1,2,5,5,1,1
5,1,958,80,2,43,45,1,1,3,20,20,1,1
6,1,1034,1,1,29,28,1,2,1,40,40,1,1
6,1,1117,2,1,8,7,1,2,1,12,12,1,1
6,2,1049,3,1,21,20,1,3,2,32,32,1,1
6,2,1299,4,1,25,18,2,1,3,38,29,1,1
6,1,1189,5,1,10,12,1,1,3,13,13,1,1
6,2,932,6,1,6,25,2,3,1,4,38,1,1
6,2,981,7,1,22,15,2,1,3,34,24,1,1
6,2,777,8,1,14,4,2,2,1,24,4,1,1
6,1,787,9,1,3,1,1,3,1,2,2,1,1
6,2,856,10,1,16,24,2,1,3,29,34,1,1
6,2,740,11,3,79,66,2,1,3,21,9,1,1
6,2,1078,12,3,66,86,2,3,2,9,23,1,1
6,1,1433,13,3,86,72,2,2,3,23,16,1,1
6,1,686,14,3,73,80,2,1,2,18,21,1,1
6,1,725,15,3,62,63,1,2,3,3,3,1,1
6,1,1283,16,3,78,76,1,3,1,19,19,1,1
6,2,938,17,3,72,74,2,3,2,16,18,1,1
6,1,1442,18,3,89,90,1,2,3,36,36,1,1
6,1,1227,19,3,82,84,1,1,3,22,22,1,1
6,1,1491,20,3,67,69,1,1,3,10,10,1,1
6,1,1483,21,4,112,114,1,1,3,30,30,1,1
6,2,837,22,4,93,104,2,3,2,1,15,1,1
6,2,1165,23,4,106,101,2,1,2,25,14,1,1
6,2,1315,24,4,99,91,2,3,1,7,1,1,1
6,1,794,25,4,119,120,1,2,3,35,35,1,1
6,1,1198,26,4,95,96,1,2,3,6,6,1,1
6,2,770,27,4,100,107,2,1,2,14,25,1,1
6,2,1893,28,4,110,109,1,2,1,28,28,1,1
6,2,1168,29,4,103,98,2,1,2,15,7,1,1
6,1,1005,30,4,117,115,1,3,1,31,31,1,1
6,2,658,31,3,63,80,2,3,2,3,21,1,1
6,2,997,32,3,89,76,2,2,1,36,19,1,1
6,1,1171,33,3,70,71,1,1,2,16,16,1,1
6,1,870,34,3,82,83,1,1,2,22,22,1,1
6,1,795,35,3,75,74,1,3,2,18,18,1,1
6,2,746,36,3,67,89,2,1,2,10,36,1,1
6,2,826,37,3,80,63,2,2,3,21,3,1,1
6,2,1504,38,3,78,67,2,3,1,19,10,1,1
6,1,754,39,3,86,87,1,2,3,23,23,1,1
6,1,955,40,3,64,65,1,1,2,9,9,1,1
6,2,1137,41,2,54,53,1,3,2,33,33,1,1
6,2,930,42,2,31,38,2,1,2,5,11,1,1
6,2,892,43,2,37,60,2,1,3,11,39,1,1
6,1,1186,44,2,44,43,1,2,1,20,20,1,1
6,2,1196,45,2,49,50,1,1,2,27,27,1,1
6,2,964,46,2,59,33,2,2,3,39,5,1,1
6,1,698,47,2,48,47,1,3,2,26,26,1,1
6,2,990,48,2,41,34,2,2,1,17,8,1,1
6,2,2028,49,2,36,41,2,3,2,8,17,1,1
6,1,1050,50,2,55,57,1,1,3,37,37,1,1
6,1,736,51,4,92,91,1,2,1,1,1,1,1
6,2,917,52,4,114,116,2,3,2,30,31,1,1
6,2,963,53,4,102,113,2,3,2,14,30,1,1
6,1,1316,54,4,97,102,2,1,3,7,14,1,1
6,1,878,55,4,118,120,1,1,3,35,35,1,1
6,2,1193,56,4,115,110,2,1,2,31,28,1,1
6,1,906,57,4,104,105,1,2,3,15,15,1,1
6,2,1457,58,4,110,97,2,2,1,28,7,1,1
6,1,1154,59,4,106,108,1,1,3,25,25,1,1
6,1,938,60,4,96,94,1,3,1,6,6,1,1
6,1,1591,61,2,35,36,1,2,3,8,8,1,1
6,2,1078,62,2,33,50,2,3,2,5,27,1,1
6,1,848,63,2,55,57,1,1,3,37,37,1,1
6,1,1349,64,2,46,47,1,1,2,26,26,1,1
6,1,1171,65,2,42,41,1,3,2,17,17,1,1
6,1,1139,66,2,49,59,2,1,2,27,39,1,1
6,1,1271,67,2,52,53,1,1,2,33,33,1,1
6,2,1009,68,2,59,31,2,2,1,39,5,1,1
6,2,907,69,2,39,44,2,3,2,11,20,1,1
6,2,701,70,2,44,37,2,2,1,20,11,1,1
6,2,1149,71,1,19,20,1,1,2,32,32,1,1
6,2,1332,72,1,11,1,2,2,1,13,2,1,1
6,2,829,73,1,30,28,1,3,1,40,40,1,1
6,1,1162,74,1,26,27,1,2,3,38,38,1,1
6,2,917,75,1,15,4,2,3,1,24,4,1,1
6,1,1078,76,1,22,23,1,1,2,34,34,1,1
6,2,1111,77,1,17,13,2,2,1,29,24,1,1
6,1,915,78,1,7,8,1,1,2,12,12,1,1
6,2,1483,79,1,4,11,2,1,2,4,13,1,1
6,2,1348,80,1,3,16,2,3,1,2,29,1,1
7,1,2208,1,1,7,9,1,1,3,12,12,1,1
7,1,1055,2,1,16,17,1,1,2,29,29,1,1
7,1,1647,5,1,11,12,1,2,3,13,13,1,1
7,2,1346,6,1,20,27,2,2,3,32,38,1,1
7,1,1197,7,1,14,15,1,2,3,24,24,1,1
7,1,1401,8,1,27,1,2,3,1,38,2,1,1
7,1,824,9,1,4,5,1,1,2,4,4,1,1
7,2,1412,10,1,22,20,2,1,2,34,32,1,1
7,1,1495,11,2,53,45,2,2,3,33,20,1,1
7,1,671,12,2,41,40,1,2,1,17,17,1,1
7,1,920,13,2,36,35,1,3,2,8,8,1,1
7,1,722,14,2,55,56,1,1,2,37,37,1,1
7,1,1241,15,2,32,54,2,2,3,5,33,1,1
7,2,1461,16,2,39,49,2,3,1,11,27,1,1
7,1,930,17,2,46,48,1,1,3,26,26,1,1
7,2,1492,18,2,45,37,2,3,1,20,11,1,1
7,1,875,19,2,58,60,1,1,3,39,39,1,1
7,2,1295,20,2,49,33,2,1,3,27,5,1,1
7,1,1118,21,3,61,62,1,1,2,3,3,1,1
7,2,2384,22,3,86,76,2,2,1,23,19,1,1
7,1,929,23,3,81,85,2,3,1,21,23,1,1
7,1,580,24,3,84,82,1,3,1,22,22,1,1
7,1,656,25,3,89,88,1,2,1,36,36,1,1
7,2,915,26,3,67,68,1,1,2,10,10,1,1
7,2,1223,27,3,77,81,2,2,3,19,21,1,1
7,1,1270,28,3,73,71,2,1,2,18,16,1,1
7,1,1248,29,3,72,74,2,3,2,16,18,1,1
7,1,1046,30,3,64,65,1,1,2,9,9,1,1
7,1,1175,31,4,111,110,1,3,2,28,28,1,1
7,1,1574,32,4,115,120,2,1,3,31,35,1,1
7,2,970,33,4,118,95,2,1,2,35,6,1,1
7,1,1040,34,4,99,98,1,3,2,7,7,1,1
7,1,961,35,4,102,100,1,3,1,14,14,1,1
7,1,710,36,4,107,108,1,2,3,25,25,1,1
7,2,1383,37,4,104,93,2,2,3,15,1,1,1
7,2,875,38,4,91,105,2,1,3,1,15,1,1
7,1,1492,39,4,113,114,1,2,3,30,30,1,1
7,2,1088,40,4,94,117,2,1,3,6,31,1,1
7,2,1082,41,3,87,61,2,3,1,23,3,1,1
7,1,626,42,3,80,79,1,2,1,21,21,1,1
7,1,647,43,3,64,65,1,1,2,9,9,1,1
7,1,1198,44,3,83,84,1,2,3,22,22,1,1
7,1,1440,45,3,67,69,1,1,3,10,10,1,1
7,1,627,46,3,90,88,1,3,1,36,36,1,1
7,2,914,47,3,61,74,2,1,2,3,18,1,1
7,1,1851,48,3,71,78,2,2,3,16,19,1,1
7,1,940,49,3,78,71,2,3,2,19,16,1,1
7,2,854,50,3,73,87,2,1,3,18,23,1,1
7,2,1502,51,1,23,22,1,2,1,34,34,1,1
7,1,692,52,1,14,15,1,2,3,24,24,1,1
7,2,1601,53,1,19,30,2,1,3,32,40,1,1
7,2,1059,54,1,30,10,2,3,1,40,13,1,1
7,1,824,55,1,1,3,1,1,3,2,2,1,1
7,1,894,56,1,8,7,1,2,1,12,12,1,1
7,1,1240,57,1,27,4,2,3,1,38,4,1,1
7,2,1855,58,1,4,26,2,1,2,4,38,1,1
7,1,1164,59,1,10,20,2,1,2,13,32,1,1
7,1,942,60,1,18,16,1,3,1,29,29,1,1
7,1,1399,61,4,110,109,1,2,1,28,28,1,1
7,2,870,62,4,94,119,2,1,2,6,35,1,1
7,1,618,63,4,105,104,1,3,2,15,15,1,1
7,1,1162,64,4,116,117,1,2,3,31,31,1,1
7,1,661,65,4,106,107,1,1,2,25,25,1,1
7,2,869,66,4,114,95,2,3,2,30,6,1,1
7,2,1585,67,4,118,93,2,1,3,35,1,1,1
7,1,1077,68,4,93,101,2,3,2,1,14,1,1
7,1,1127,69,4,97,99,1,1,3,7,7,1,1
7,1,1201,70,4,101,114,2,2,3,14,30,1,1
7,1,1112,71,2,51,50,1,3,2,27,27,1,1
7,1,1221,72,2,42,40,1,3,1,17,17,1,1
7,2,1507,73,2,54,52,1,3,1,33,33,1,1
7,2,2489,74,2,34,45,2,1,3,8,20,1,1
7,1,1258,75,2,46,39,2,1,3,26,11,1,1
7,1,1920,76,2,31,47,2,1,2,5,26,1,1
7,2,1181,77,2,37,33,2,1,3,11,5,1,1
7,1,630,79,2,56,55,1,2,1,37,37,1,1
7,2,1236,80,2,44,34,2,2,1,20,8,1,1
8,2,1632,1,3,71,72,1,2,3,16,16,1,1
8,1,1373,2,3,81,80,1,3,2,21,21,1,1
8,2,1229,3,3,82,77,2,1,2,22,19,1,1
8,2,1902,4,3,77,87,2,2,3,19,23,1,1
8,1,1546,5,3,75,74,1,3,2,18,18,1,1
8,1,1667,6,3,67,68,1,1,2,10,10,1,1
8,2,992,7,3,85,90,2,1,3,23,36,1,1
8,2,1484,8,3,61,63,1,1,3,3,3,1,1
8,2,1157,9,3,65,82,2,2,1,9,22,1,1
8,2,1094,10,3,90,65,2,3,2,36,9,1,1
8,1,1393,11,4,119,120,1,2,3,35,35,1,1
8,1,1070,12,4,116,117,1,2,3,31,31,1,1
8,2,1001,13,4,94,93,2,1,3,6,1,1,1
8,2,1090,14,4,102,104,2,3,2,14,15,1,1
8,2,957,15,4,105,101,2,3,2,15,14,1,1
8,2,1340,16,4,111,109,1,3,1,28,28,1,1
8,1,1020,17,4,106,107,1,1,2,25,25,1,1
8,2,1014,18,4,112,95,2,1,2,30,6,1,1
8,2,1542,19,4,92,112,2,2,1,1,30,1,1
8,1,1176,20,4,97,99,1,1,3,7,7,1,1
8,1,1532,21,2,38,37,1,2,1,11,11,1,1
8,2,1543,22,2,54,53,1,3,2,33,33,1,1
8,1,1207,23,2,35,36,1,2,3,8,8,1,1
8,2,1636,24,2,32,43,2,2,1,5,20,1,1
8,2,1681,25,2,43,41,2,1,2,20,17,1,1
8,2,1573,26,2,48,31,2,3,1,26,5,1,1
8,2,1459,27,2,55,48,2,1,3,37,26,1,1
8,2,1970,28,2,60,59,1,3,2,39,39,1,1
8,1,1786,29,2,49,50,1,1,2,27,27,1,1
8,2,984,30,2,40,57,2,1,3,17,37,1,1
8,2,1296,31,1,30,20,2,3,2,40,32,1,1
8,2,1254,32,1,16,15,2,1,3,29,24,1,1
8,1,1399,33,1,1,2,1,1,2,2,2,1,1
8,1,1448,34,1,9,7,1,3,1,12,12,1,1
8,1,1234,35,1,26,27,1,2,3,38,38,1,1
8,2,1200,36,1,11,30,2,2,3,13,40,1,1
8,1,1392,37,1,6,4,1,3,1,4,4,1,1
8,2,1050,38,1,14,10,2,2,1,24,13,1,1
8,1,1547,39,1,22,24,1,1,3,34,34,1,1
8,2,1650,40,1,19,17,2,1,2,32,29,1,1
8,2,1487,41,3,89,70,2,2,1,36,16,1,1
8,2,1354,42,3,85,86,1,1,2,23,23,1,1
8,2,951,43,3,75,61,2,3,1,18,3,1,1
8,1,1506,44,3,64,65,1,1,2,9,9,1,1
8,2,822,45,3,84,73,2,3,1,22,18,1,1
8,2,1097,46,3,63,83,2,3,2,3,22,1,1
8,1,1196,47,3,68,67,1,2,1,10,10,1,1
8,1,1072,48,3,76,77,1,1,2,19,19,1,1
8,1,945,49,3,79,81,1,1,3,21,21,1,1
8,2,775,50,3,71,88,2,2,1,16,36,1,1
8,1,1394,51,1,23,24,1,2,3,34,34,1,1
8,2,1646,52,1,18,17,1,3,2,29,29,1,1
8,1,1345,53,1,15,14,1,3,2,24,24,1,1
8,2,1355,54,1,10,3,2,1,3,13,2,1,1
8,2,1423,55,1,20,25,2,2,1,32,38,1,1
8,2,1481,56,1,28,12,2,1,3,40,13,1,1
8,1,1122,57,1,4,5,1,1,2,4,4,1,1
8,2,825,58,1,26,21,2,2,3,38,32,1,1
8,1,1421,59,1,9,7,1,3,1,12,12,1,1
8,2,967,60,1,1,29,2,1,2,2,40,1,1
8,2,1281,61,4,109,110,1,1,2,28,28,1,1
8,1,1255,62,4,120,118,1,3,1,35,35,1,1
8,2,1033,63,4,92,114,2,2,3,1,30,1,1
8,2,1014,64,4,94,92,2,1,2,6,1,1,1
8,2,773,65,4,100,108,2,1,3,14,25,1,1
8,1,1127,66,4,113,102,2,2,3,30,14,1,1
8,1,947,67,4,99,97,1,3,1,7,7,1,1
8,1,862,68,4,105,104,1,3,2,15,15,1,1
8,1,1483,69,4,115,116,1,1,2,31,31,1,1
8,2,916,70,4,107,94,2,2,1,25,6,1,1
8,2,1224,71,2,36,55,2,3,1,8,37,1,1
8,2,1019,72,2,51,38,2,3,2,27,11,1,1
8,1,1405,73,2,43,45,1,1,3,20,20,1,1
8,1,960,74,2,32,33,1,2,3,5,5,1,1
8,2,1138,75,2,52,53,1,1,2,33,33,1,1
8,2,1174,76,2,60,35,2,3,2,39,8,1,1
8,2,1915,77,2,40,42,1,1,3,17,17,1,1
8,1,2132,78,2,47,46,1,2,1,26,26,1,1
8,2,1370,79,2,56,51,2,2,3,37,27,1,1
8,2,936,80,2,37,59,2,1,2,11,39,1,1
9,2,2458,1,2,57,58,2,3,1,37,39,1,1
9,2,1880,2,2,34,42,2,1,3,8,17,1,1
9,2,1651,3,2,41,46,2,2,1,17,26,1,1
9,2,1852,4,2,44,43,1,2,1,20,20,1,1
9,1,917,5,2,37,38,1,1,2,11,11,1,1
9,1,1121,6,2,31,33,1,1,3,5,5,1,1
9,1,1689,7,2,51,49,1,3,1,27,27,1,1
9,2,1032,8,2,47,55,2,2,1,26,37,1,1
9,1,1282,9,2,60,35,2,3,2,39,8,1,1
9,1,1255,10,2,52,53,1,1,2,33,33,1,1
9,1,1165,11,4,104,108,2,2,3,15,25,1,1
9,2,1305,12,4,120,101,2,3,2,35,14,1,1
9,1,1142,13,4,94,95,1,1,2,6,6,1,1
9,1,1012,14,4,92,91,1,2,1,1,1,1,1
9,1,1612,15,4,113,114,1,2,3,30,30,1,1
9,1,1332,16,4,97,99,1,1,3,7,7,1,1
9,2,1647,17,4,100,120,2,1,3,14,35,1,1
9,1,1475,18,4,109,111,1,1,3,28,28,1,1
9,2,1419,19,4,108,115,2,3,1,25,31,1,1
9,1,1645,20,4,117,103,2,3,1,31,15,1,1
9,2,1754,21,3,77,63,2,2,3,19,3,1,1
9,2,1819,22,3,72,70,1,3,1,16,16,1,1
9,2,1401,23,3,64,65,1,1,2,9,9,1,1
9,1,925,24,3,84,85,2,3,1,22,23,1,1
9,2,1389,25,3,69,68,1,3,2,10,10,1,1
9,2,911,26,3,79,77,2,1,2,21,19,1,1
9,1,884,27,3,89,90,1,2,3,36,36,1,1
9,2,1434,28,3,61,83,2,1,2,3,22,1,1
9,2,1369,29,3,86,79,2,2,1,23,21,1,1
9,1,1247,30,3,73,75,1,1,3,18,18,1,1
9,2,1756,31,1,15,29,2,3,2,24,40,1,1
9,1,1378,32,1,7,9,1,1,3,12,12,1,1
9,2,1859,33,1,21,2,2,3,2,32,2,1,1
9,1,1370,34,1,25,26,1,1,2,38,38,1,1
9,2,1059,35,1,18,17,1,3,2,29,29,1,1
9,2,1465,36,1,23,15,2,2,3,34,24,1,1
9,2,1478,37,1,11,10,1,2,1,13,13,1,1
9,1,1757,38,1,4,6,1,1,3,4,4,1,1
9,2,2355,39,1,29,19,2,2,1,40,32,1,1
9,2,1232,40,1,1,23,2,1,2,2,34,1,1
9,1,969,41,3,80,81,1,2,3,21,21,1,1
9,2,1276,42,3,84,83,1,3,2,22,22,1,1
9,2,1160,43,3,70,90,2,1,3,16,36,1,1
9,2,1011,44,3,61,75,2,1,3,3,18,1,1
9,2,1618,45,3,89,64,2,2,1,36,9,1,1
9,2,1138,46,3,85,86,1,1,2,23,23,1,1
9,2,1693,47,3,69,68,1,3,2,10,10,1,1
9,1,1193,48,3,76,77,1,1,2,19,19,1,1
9,1,1648,49,3,65,63,2,2,3,9,3,1,1
9,2,916,50,3,75,71,2,3,2,18,16,1,1
9,1,1099,51,4,95,96,1,2,3,6,6,1,1
9,1,1138,52,4,93,92,1,3,2,1,1,1,1
9,1,1133,53,4,115,117,1,1,3,31,31,1,1
9,1,986,54,4,106,108,1,1,3,25,25,1,1
9,2,1178,55,4,98,118,2,2,1,7,35,1,1
9,1,1038,56,4,100,102,1,1,3,14,14,1,1
9,1,1086,57,4,114,110,2,3,2,30,28,1,1
9,2,1236,58,4,103,114,2,1,3,15,30,1,1
9,2,1255,59,4,119,103,2,2,1,35,15,1,1
9,2,1953,60,4,111,98,2,3,2,28,7,1,1
9,1,1392,61,1,27,25,1,3,1,38,38,1,1
9,1,1028,62,1,12,11,1,3,2,13,13,1,1
9,1,1023,63,1,21,20,1,3,2,32,32,1,1
9,2,1051,64,1,1,24,2,1,3,2,34,1,1
9,1,2010,65,1,4,6,1,1,3,4,4,1,1
9,2,1422,66,1,28,18,2,1,3,40,29,1,1
9,1,1161,68,1,8,9,1,2,3,12,12,1,1
9,2,893,69,1,16,14,2,1,2,29,24,1,1
9,1,1079,71,2,58,60,1,1,3,39,39,1,1
9,2,1027,72,2,41,52,2,2,1,17,33,1,1
9,2,1341,73,2,34,57,2,1,3,8,37,1,1
9,1,1633,74,2,54,38,2,3,2,33,11,1,1
9,1,1004,75,2,51,49,1,3,1,27,27,1,1
9,1,1424,76,2,46,47,1,1,2,26,26,1,1
9,2,814,77,2,38,36,2,2,3,11,8,1,1
9,2,1946,78,2,56,40,2,2,1,37,17,1,1
9,1,894,79,2,45,44,1,3,2,20,20,1,1
9,1,1270,80,2,31,32,1,1,2,5,5,1,1
10,2,1640,1,3,77,61,2,2,1,19,3,1,1
10,1,1027,2,3,81,79,1,3,1,21,21,1,1
10,2,1825,3,3,63,64,2,3,1,3,9,1,1
10,1,1604,4,3,66,76,2,3,1,9,19,1,1
10,1,1677,5,3,85,83,2,1,2,23,22,1,1
10,1,1337,6,3,89,88,1,2,1,36,36,1,1
10,1,2432,7,3,71,72,1,2,3,16,16,1,1
10,1,1688,8,3,73,75,1,1,3,18,18,1,1
10,2,1626,9,3,82,86,2,1,2,22,23,1,1
10,1,1281,11,4,116,117,1,2,3,31,31,1,1
10,2,1617,12,4,111,110,1,3,2,28,28,1,1
10,1,1765,13,4,92,93,1,2,3,1,1,1,1
10,1,1352,14,4,106,108,1,1,3,25,25,1,1
10,2,1324,15,4,112,120,2,1,3,30,35,1,1
10,2,1808,16,4,119,112,2,2,1,35,30,1,1
10,1,2231,17,4,97,102,2,1,3,7,14,1,1
10,1,1264,18,4,103,105,1,1,3,15,15,1,1
10,2,1785,19,4,102,95,2,3,2,14,6,1,1
10,2,1712,20,4,96,97,2,3,1,6,7,1,1
10,1,1452,21,1,4,5,1,1,2,4,4,1,1
10,1,1049,22,1,14,22,2,2,1,24,34,1,1
10,1,1189,24,1,10,12,1,1,3,13,13,1,1
10,1,1097,25,1,2,3,1,2,3,2,2,1,1
10,2,1178,26,1,9,13,2,3,1,12,24,1,1
10,1,1159,27,1,28,29,1,1,2,40,40,1,1
10,1,1841,28,1,17,16,1,2,1,29,29,1,1
10,1,1983,29,1,27,20,2,3,2,38,32,1,1
10,2,1336,30,1,24,8,2,3,2,34,12,1,1
10,2,1929,31,2,36,31,2,3,1,8,5,1,1
10,2,1415,32,2,43,41,2,1,2,20,17,1,1
10,1,1803,33,2,56,57,1,2,3,37,37,1,1
10,2,1683,34,2,53,34,2,2,1,33,8,1,1
10,1,1332,35,2,58,60,1,1,3,39,39,1,1
10,1,1813,36,2,46,47,1,1,2,26,26,1,1
10,1,1176,37,2,38,37,1,2,1,11,11,1,1
10,2,2307,38,2,33,52,2,3,1,5,33,1,1
10,2,1715,39,2,42,43,2,3,1,17,20,1,1
10,2,2194,40,2,49,50,1,1,2,27,27,1,1
10,1,1200,42,1,13,15,1,1,3,24,24,1,1
10,2,2212,43,1,20,16,2,2,1,32,29,1,1
10,2,1485,44,1,16,8,2,1,2,29,12,1,1
10,2,1607,45,1,25,6,2,1,3,38,4,1,1
10,1,1786,46,1,29,30,1,2,3,40,40,1,1
10,1,1291,47,1,22,24,1,1,3,34,34,1,1
10,2,1805,48,1,5,21,2,2,3,4,32,1,1
10,1,1164,49,1,3,2,1,3,2,2,2,1,1
10,1,2151,50,1,12,11,1,3,2,13,13,1,1
10,2,1226,51,2,53,34,2,2,1,33,8,1,1
10,2,1078,52,2,49,38,2,1,2,27,11,1,1
10,2,1472,53,2,36,50,2,3,2,8,27,1,1
10,1,1687,54,2,31,32,1,1,2,5,5,1,1
10,1,1882,55,2,58,59,1,1,2,39,39,1,1
10,1,1189,56,2,41,42,1,2,3,17,17,1,1
10,2,1912,57,2,44,54,2,2,3,20,33,1,1
10,2,1444,58,2,39,44,2,3,2,11,20,1,1
10,1,1304,59,2,55,57,1,1,3,37,37,1,1
10,1,1549,60,2,48,46,1,3,1,26,26,1,1
10,2,1863,61,3,67,68,1,1,2,10,10,1,1
10,1,1111,62,3,88,90,1,1,3,36,36,1,1
10,1,1239,63,3,87,86,1,3,2,23,23,1,1
10,2,1199,64,3,65,81,2,2,3,9,21,1,1
10,1,1114,65,3,71,70,1,2,1,16,16,1,1
10,2,1280,66,3,61,65,2,1,2,3,9,1,1
10,2,1307,67,3,79,77,2,1,2,21,19,1,1
10,2,1640,68,3,84,61,2,3,1,22,3,1,1
10,1,1235,69,3,75,74,1,3,2,18,18,1,1
10,2,1746,70,3,77,82,2,2,1,19,22,1,1
10,1,1775,71,4,111,110,1,3,2,28,28,1,1
10,1,1526,72,4,112,114,1,1,3,30,30,1,1
10,1,1177,73,4,119,120,1,2,3,35,35,1,1
10,1,1427,75,4,115,116,1,1,2,31,31,1,1
10,2,975,76,4,105,94,2,3,1,15,6,1,1
10,2,1008,77,4,101,108,2,2,3,14,25,1,1
10,2,1089,78,4,96,103,2,3,1,6,15,1,1
10,1,1026,79,4,92,93,1,2,3,1,1,1,1
10,2,1185,80,4,106,99,2,1,3,25,7,1,1
11,2,1651,1,2,53,58,2,2,1,33,39,1,1
11,1,1000,2,2,42,41,1,3,2,17,17,1,1
11,1,705,3,2,39,37,1,3,1,11,11,1,1
11,1,629,4,2,56,55,1,2,1,37,37,1,1
11,2,1051,5,2,43,50,2,1,2,20,27,1,1
11,1,727,6,2,49,36,2,1,3,27,8,1,1
11,2,1108,7,2,36,44,2,3,2,8,20,1,1
11,1,1521,8,2,46,48,1,1,3,26,26,1,1
11,2,1008,9,2,58,53,2,1,2,39,33,1,1
11,1,1413,10,2,32,31,1,2,1,5,5,1,1
11,2,865,11,3,79,68,2,1,2,21,10,1,1
11,2,1413,12,3,64,66,1,1,3,9,9,1,1
11,2,1057,15,3,74,85,2,2,1,18,23,1,1
11,2,923,16,3,69,80,2,3,2,10,21,1,1
11,1,943,17,3,70,71,1,1,2,16,16,1,1
11,2,1000,18,3,84,74,2,3,2,22,18,1,1
11,2,1595,19,3,86,84,2,2,3,23,22,1,1
11,1,945,20,3,89,88,1,2,1,36,36,1,1
11,1,1175,21,4,102,100,1,3,1,14,14,1,1
11,2,2062,22,4,117,104,2,3,2,31,15,1,1
11,1,941,23,4,95,94,1,2,1,6,6,1,1
11,1,1038,24,4,98,99,1,2,3,7,7,1,1
11,2,1356,25,4,111,119,2,3,2,28,35,1,1
11,1,1061,26,4,112,111,2,1,3,30,28,1,1
11,2,1527,27,4,104,114,2,2,3,15,30,1,1
11,1,1276,28,4,106,108,1,1,3,25,25,1,1
11,2,1362,29,4,118,116,2,1,2,35,31,1,1
11,1,940,30,4,91,93,1,1,3,1,1,1,1
11,1,765,31,3,79,81,1,1,3,21,21,1,1
11,2,1056,32,3,90,68,2,3,2,36,10,1,1
11,2,1748,33,3,67,87,2,1,3,10,23,1,1
11,2,1129,34,3,85,90,2,1,3,23,36,1,1
11,1,646,35,3,73,74,1,1,2,18,18,1,1
11,2,970,36,3,65,70,2,2,1,9,16,1,1
11,2,1334,37,3,71,64,2,2,1,16,9,1,1
11,1,1227,38,3,83,82,1,2,1,22,22,1,1
11,2,1831,39,3,78,76,1,3,1,19,19,1,1
11,1,1389,40,3,63,62,1,3,2,3,3,1,1
11,2,1651,41,2,45,35,2,3,2,20,8,1,1
11,1,795,42,2,32,33,1,2,3,5,5,1,1
11,1,1713,43,2,52,53,1,1,2,33,33,1,1
11,1,988,44,2,41,40,1,2,1,17,17,1,1
11,1,1219,45,2,46,48,1,1,3,26,26,1,1
11,2,951,46,2,39,58,2,3,1,11,39,1,1
11,2,1778,47,2,55,38,2,1,2,37,11,1,1
11,1,1370,48,2,49,50,1,1,2,27,27,1,1
11,2,1586,49,2,36,43,2,3,1,8,20,1,1
11,2,1208,50,2,59,55,2,2,1,39,37,1,1
11,2,1280,51,1,13,30,2,1,3,24,40,1,1
11,1,737,52,1,3,1,1,3,1,2,2,1,1
11,2,1009,53,1,9,19,2,3,1,12,32,1,1
11,1,1359,54,1,25,27,1,1,3,38,38,1,1
11,1,1395,55,1,16,18,1,1,3,29,29,1,1
11,2,1637,56,1,29,22,2,2,1,40,34,1,1
11,1,1340,57,1,10,12,1,1,3,13,13,1,1
11,2,1063,58,1,24,8,2,3,2,34,12,1,1
11,2,881,59,1,20,13,2,2,1,32,24,1,1
11,1,1211,60,1,5,6,1,2,3,4,4,1,1
11,2,1335,62,4,117,100,2,3,1,31,14,1,1
11,2,1007,63,4,94,108,2,1,3,6,25,1,1
11,2,864,64,4,107,94,2,2,1,25,6,1,1
11,1,1270,65,4,113,112,1,2,1,30,30,1,1
11,1,1375,66,4,105,103,1,3,1,15,15,1,1
11,1,1206,67,4,97,98,1,1,2,7,7,1,1
11,1,1199,68,4,119,118,1,2,1,35,35,1,1
11,2,703,69,4,91,117,2,1,3,1,31,1,1
11,1,1329,70,4,111,110,1,3,2,28,28,1,1
11,2,873,71,1,24,13,2,3,1,34,24,1,1
11,2,1502,72,1,16,17,1,1,2,29,29,1,1
11,1,985,73,1,11,12,1,2,3,13,13,1,1
11,1,1257,74,1,3,2,1,3,2,2,2,1,1
11,1,1341,75,1,25,26,1,1,2,38,38,1,1
11,2,812,76,1,15,8,2,3,2,24,12,1,1
11,1,1758,77,1,19,23,2,1,2,32,34,1,1
11,1,1451,78,1,29,30,1,2,3,40,40,1,1
11,2,871,79,1,5,19,2,2,1,4,32,1,1
11,2,1745,80,1,7,5,2,1,2,12,4,1,1
12,2,1992,2,3,68,69,1,2,3,10,10,1,1
12,2,1872,3,3,90,89,1,3,2,36,36,1,1
12,2,1105,4,3,81,83,2,3,2,21,22,1,1
12,2,1310,5,3,76,81,2,1,3,19,21,1,1
12,2,1554,6,3,71,75,2,2,3,16,18,1,1
12,2,1033,7,3,73,78,2,1,3,18,19,1,1
12,2,1732,8,3,84,71,2,3,2,22,16,1,1
12,1,2265,9,3,65,64,1,2,1,9,9,1,1
12,2,989,10,3,85,87,1,1,3,23,23,1,1
12,2,1058,11,2,38,36,2,2,3,11,8,1,1
12,2,946,12,2,57,38,2,3,2,37,11,1,1
12,2,1285,13,2,31,56,2,1,2,5,37,1,1
12,2,1304,14,2,43,33,2,1,3,20,5,1,1
12,1,1798,15,2,54,52,1,3,1,33,33,1,1
12,1,1916,16,2,42,40,1,3,1,17,17,1,1
12,1,1688,17,2,50,51,1,2,3,27,27,1,1
12,2,1427,18,2,58,59,1,1,2,39,39,1,1
12,2,1732,19,2,47,48,1,2,3,26,26,1,1
12,2,1112,20,2,34,45,2,1,3,8,20,1,1
12,1,1762,21,1,13,14,1,1,2,24,24,1,1
12,2,1083,22,1,27,2,2,3,2,38,2,1,1
12,2,1258,23,1,17,16,1,2,1,29,29,1,1
12,2,898,24,1,8,7,1,2,1,12,12,1,1
12,2,1073,25,1,10,29,2,1,2,13,40,1,1
12,2,1029,26,1,29,12,2,2,3,40,13,1,1
12,2,901,27,1,6,26,2,3,2,4,38,1,1
12,2,966,28,1,1,6,2,1,3,2,4,1,1
12,2,1079,29,1,19,20,1,1,2,32,32,1,1
12,1,1376,30,1,24,22,1,3,1,34,34,1,1
12,2,919,31,2,40,59,2,1,2,17,39,1,1
12,2,762,32,2,45,40,2,3,1,20,17,1,1
12,2,870,33,2,39,35,2,3,2,11,8,1,1
12,1,1144,34,2,55,56,1,1,2,37,37,1,1
12,2,1743,35,2,50,51,1,2,3,27,27,1,1
12,2,913,36,2,53,54,1,2,3,33,33,1,1
12,2,793,37,2,36,43,2,3,1,8,20,1,1
12,2,827,38,2,58,39,2,1,3,39,11,1,1
12,2,933,39,2,31,32,1,1,2,5,5,1,1
12,2,1054,40,2,47,46,1,2,1,26,26,1,1
12,2,1014,41,3,80,72,2,2,3,21,16,1,1
12,2,966,42,3,88,81,2,1,3,36,21,1,1
12,2,1015,43,3,65,85,2,2,1,9,23,1,1
12,2,2068,44,3,84,83,1,3,2,22,22,1,1
12,2,1452,45,3,67,68,1,1,2,10,10,1,1
12,1,1595,46,3,78,77,1,3,2,19,19,1,1
12,1,1783,47,3,73,74,1,1,2,18,18,1,1
12,2,866,49,3,72,89,2,3,2,16,36,1,1
12,2,1457,50,3,85,66,2,1,3,23,9,1,1
12,2,1856,51,4,91,92,1,1,2,1,1,1,1
12,1,1860,52,4,113,112,1,2,1,30,30,1,1
12,1,1892,53,4,111,110,1,3,2,28,28,1,1
12,2,1128,54,4,97,117,2,1,3,7,31,1,1
12,2,1433,55,4,104,103,1,2,1,15,15,1,1
12,2,1294,56,4,107,99,2,2,3,25,7,1,1
12,2,921,57,4,94,119,2,1,2,6,35,1,1
12,2,1278,59,4,120,107,2,3,2,35,25,1,1
12,1,1818,60,4,102,101,1,3,2,14,14,1,1
12,1,1312,61,1,8,9,1,2,3,12,12,1,1
12,2,1382,62,1,5,25,2,2,1,4,38,1,1
12,1,2257,63,1,12,10,1,3,1,13,13,1,1
12,2,1437,64,1,27,17,2,3,2,38,29,1,1
12,1,1740,66,1,28,29,1,1,2,40,40,1,1
12,2,1182,67,1,22,21,2,1,3,34,32,1,1
12,1,2276,68,1,1,2,1,1,2,2,2,1,1
12,1,1292,69,1,15,14,1,3,2,24,24,1,1
12,2,918,70,1,19,23,2,1,2,32,34,1,1
12,2,837,71,4,101,108,2,2,3,14,25,1,1
12,2,821,72,4,106,101,2,1,2,25,14,1,1
12,1,1373,73,4,113,112,1,2,1,30,30,1,1
12,1,1274,74,4,118,120,1,1,3,35,35,1,1
12,1,2051,75,4,115,117,1,1,3,31,31,1,1
12,2,851,76,4,111,95,2,3,2,28,6,1,1
12,2,967,77,4,94,98,2,1,2,6,7,1,1
12,1,1765,78,4,93,91,1,3,1,1,1,1,1
12,2,1102,79,4,98,109,2,2,1,7,28,1,1
12,2,1136,80,4,105,103,1,3,1,15,15,1,1
13,2,1770,1,2,57,58,2,3,1,37,39,1,1
13,2,1935,2,2,34,42,2,1,3,8,17,1,1
13,2,1961,3,2,41,46,2,2,1,17,26,1,1
13,1,836,4,2,44,43,1,2,1,20,20,1,1
13,1,1020,5,2,37,38,1,1,2,11,11,1,1
13,1,1608,6,2,31,33,1,1,3,5,5,1,1
13,2,1520,7,2,51,49,1,3,1,27,27,1,1
13,2,1167,8,2,47,55,2,2,1,26,37,1,1
13,2,1332,9,2,60,35,2,3,2,39,8,1,1
13,1,1142,10,2,52,53,1,1,2,33,33,1,1
13,1,1361,11,4,104,108,2,2,3,15,25,1,1
13,2,2010,12,4,120,101,2,3,2,35,14,1,1
13,1,994,13,4,94,95,1,1,2,6,6,1,1
13,1,1167,14,4,92,91,1,2,1,1,1,1,1
13,1,1126,15,4,113,114,1,2,3,30,30,1,1
13,1,1801,16,4,97,99,1,1,3,7,7,1,1
13,2,1269,17,4,100,120,2,1,3,14,35,1,1
13,1,1750,18,4,109,111,1,1,3,28,28,1,1
13,2,1140,19,4,108,115,2,3,1,25,31,1,1
13,2,983,20,4,117,103,2,3,1,31,15,1,1
13,1,1528,21,3,77,63,2,2,3,19,3,1,1
13,1,1561,22,3,72,70,1,3,1,16,16,1,1
13,1,1535,23,3,64,65,1,1,2,9,9,1,1
13,2,1912,24,3,84,85,2,3,1,22,23,1,1
13,1,1142,25,3,69,68,1,3,2,10,10,1,1
13,2,1259,26,3,79,77,2,1,2,21,19,1,1
13,1,1333,27,3,89,90,1,2,3,36,36,1,1
13,2,1647,28,3,61,83,2,1,2,3,22,1,1
13,2,1361,29,3,86,79,2,2,1,23,21,1,1
13,1,954,30,3,73,75,1,1,3,18,18,1,1
13,2,1073,31,1,15,29,2,3,2,24,40,1,1
13,2,1168,32,1,7,9,1,1,3,12,12,1,1
13,2,1721,33,1,21,2,2,3,2,32,2,1,1
13,1,1086,34,1,25,26,1,1,2,38,38,1,1
13,1,1417,35,1,18,17,1,3,2,29,29,1,1
13,2,1340,36,1,23,15,2,2,3,34,24,1,1
13,1,906,37,1,11,10,1,2,1,13,13,1,1
13,1,907,38,1,4,6,1,1,3,4,4,1,1
13,2,1431,39,1,29,19,2,2,1,40,32,1,1
13,2,1702,40,1,1,23,2,1,2,2,34,1,1
13,1,924,41,3,80,81,1,2,3,21,21,1,1
13,2,1212,42,3,84,83,1,3,2,22,22,1,1
13,2,1006,43,3,70,90,2,1,3,16,36,1,1
13,2,1204,44,3,61,75,2,1,3,3,18,1,1
13,2,1004,45,3,89,64,2,2,1,36,9,1,1
13,2,1300,46,3,85,86,1,1,2,23,23,1,1
13,1,2137,47,3,69,68,1,3,2,10,10,1,1
13,1,1015,48,3,76,77,1,1,2,19,19,1,1
13,2,1168,49,3,65,63,2,2,3,9,3,1,1
13,2,1080,50,3,75,71,2,3,2,18,16,1,1
13,1,1082,51,4,95,96,1,2,3,6,6,1,1
13,1,1015,52,4,93,92,1,3,2,1,1,1,1
13,1,1616,53,4,115,117,1,1,3,31,31,1,1
13,1,1477,54,4,106,108,1,1,3,25,25,1,1
13,2,1090,55,4,98,118,2,2,1,7,35,1,1
13,1,1061,56,4,100,102,1,1,3,14,14,1,1
13,1,1419,57,4,114,110,2,3,2,30,28,1,1
13,2,973,58,4,103,114,2,1,3,15,30,1,1
13,1,1087,59,4,119,103,2,2,1,35,15,1,1
13,1,1534,60,4,111,98,2,3,2,28,7,1,1
13,1,1598,61,1,27,25,1,3,1,38,38,1,1
13,1,1649,62,1,12,11,1,3,2,13,13,1,1
13,1,1484,63,1,21,20,1,3,2,32,32,1,1
13,2,903,64,1,1,24,2,1,3,2,34,1,1
13,1,1507,65,1,4,6,1,1,3,4,4,1,1
13,2,1836,66,1,28,18,2,1,3,40,29,1,1
13,2,1018,67,1,23,1,2,2,1,34,2,1,1
13,1,989,68,1,8,9,1,2,3,12,12,1,1
13,2,901,69,1,16,14,2,1,2,29,24,1,1
13,2,1221,70,1,14,30,2,2,3,24,40,1,1
13,1,989,71,2,58,60,1,1,3,39,39,1,1
13,2,1624,72,2,41,52,2,2,1,17,33,1,1
13,2,886,73,2,34,57,2,1,3,8,37,1,1
13,1,1384,74,2,54,38,2,3,2,33,11,1,1
13,1,1271,75,2,51,49,1,3,1,27,27,1,1
13,2,1056,76,2,46,47,1,1,2,26,26,1,1
13,2,1136,77,2,38,36,2,2,3,11,8,1,1
13,1,1400,78,2,56,40,2,2,1,37,17,1,1
13,1,1344,79,2,45,44,1,3,2,20,20,1,1
13,1,1334,80,2,31,32,1,1,2,5,5,1,1
14,2,1629,1,4,112,92,2,1,2,30,1,1,1
14,1,852,3,4,108,106,1,3,1,25,25,1,1
14,1,826,4,4,120,118,1,3,1,35,35,1,1
14,1,1106,5,4,95,96,1,2,3,6,6,1,1
14,1,1191,6,4,115,117,1,1,3,31,31,1,1
14,2,1240,7,4,102,109,2,3,1,14,28,1,1
14,1,689,9,4,103,104,1,1,2,15,15,1,1
14,1,1139,10,4,91,99,2,1,3,1,7,1,1
14,2,1139,11,1,30,2,2,3,2,40,2,1,1
14,2,1237,13,1,13,8,2,1,2,24,12,1,1
14,2,1664,14,1,23,24,1,2,3,34,34,1,1
14,1,1082,15,1,17,18,1,2,3,29,29,1,1
14,2,1080,16,1,8,4,2,2,1,12,4,1,1
14,2,1202,17,1,4,14,2,1,2,4,24,1,1
14,2,960,18,1,3,29,2,3,2,2,40,1,1
14,2,1081,19,1,21,20,1,3,2,32,32,1,1
14,1,913,20,1,25,26,1,1,2,38,38,1,1
14,1,1639,21,2,31,32,1,1,2,5,5,1,1
14,1,1063,22,2,41,42,1,2,3,17,17,1,1
14,2,997,23,2,60,52,2,3,1,39,33,1,1
14,1,940,24,2,49,51,1,1,3,27,27,1,1
14,2,943,25,2,53,57,2,2,3,33,37,1,1
14,2,679,26,2,57,43,2,3,1,37,20,1,1
14,2,1181,27,2,46,59,2,1,2,26,39,1,1
14,2,777,28,2,44,48,2,2,3,20,26,1,1
14,1,1257,29,2,34,36,1,1,3,8,8,1,1
14,1,960,30,2,39,38,1,3,2,11,11,1,1
14,2,1404,31,3,90,68,2,3,2,36,10,1,1
14,1,891,32,3,73,75,1,1,3,18,18,1,1
14,2,938,33,3,62,78,2,2,3,3,19,1,1
14,1,1430,34,3,85,86,1,1,2,23,23,1,1
14,2,980,35,3,69,71,2,3,2,10,16,1,1
14,2,967,36,3,76,63,2,1,3,19,3,1,1
14,1,1047,37,3,83,82,1,2,1,22,22,1,1
14,1,698,38,3,80,79,1,2,1,21,21,1,1
14,1,763,39,3,66,65,1,3,2,9,9,1,1
14,2,845,40,3,70,89,2,1,2,16,36,1,1
14,2,1566,41,4,109,105,2,1,3,28,15,1,1
14,1,1073,42,4,101,102,1,2,3,14,14,1,1
14,2,1103,43,4,112,110,2,1,2,30,28,1,1
14,1,962,44,4,117,115,1,3,1,31,31,1,1
14,1,1382,45,4,97,98,1,1,2,7,7,1,1
14,2,690,46,4,106,93,2,1,3,25,1,1,1
14,1,743,47,4,104,108,2,2,3,15,25,1,1
14,1,1164,48,4,96,95,1,3,2,6,6,1,1
14,1,826,49,4,120,119,1,3,2,35,35,1,1
14,2,1028,50,4,92,112,2,2,1,1,30,1,1
14,2,1081,51,2,51,37,2,3,1,27,11,1,1
14,1,1074,52,2,41,42,1,2,3,17,17,1,1
14,1,1669,53,2,46,47,1,1,2,26,26,1,1
14,1,1075,54,2,32,33,1,2,3,5,5,1,1
14,2,882,55,2,37,36,2,1,3,11,8,1,1
14,1,944,56,2,45,43,1,3,1,20,20,1,1
14,2,1025,57,2,52,59,2,1,2,33,39,1,1
14,1,661,58,2,55,56,1,1,2,37,37,1,1
14,2,904,59,2,60,53,2,3,2,39,33,1,1
14,1,2113,60,2,35,49,2,2,1,8,27,1,1
14,2,928,61,3,70,80,2,1,2,16,21,1,1
14,1,674,62,3,86,87,1,2,3,23,23,1,1
14,2,778,63,3,69,83,2,3,2,10,22,1,1
14,2,1084,64,3,81,70,2,3,1,21,16,1,1
14,1,633,65,3,66,65,1,3,2,9,9,1,1
14,1,1428,66,3,77,67,2,2,1,19,10,1,1
14,1,1797,67,3,61,62,1,1,2,3,3,1,1
14,2,1023,68,3,83,78,2,2,3,22,19,1,1
14,1,560,69,3,73,75,1,1,3,18,18,1,1
14,1,713,70,3,88,90,1,1,3,36,36,1,1
14,1,1697,71,1,6,4,1,3,1,4,4,1,1
14,1,1328,72,1,10,12,1,1,3,13,13,1,1
14,1,1339,73,1,7,9,1,1,3,12,12,1,1
14,2,999,74,1,24,28,2,3,1,34,40,1,1
14,1,1583,75,1,16,27,2,1,3,29,38,1,1
14,2,895,76,1,25,14,2,1,2,38,24,1,1
14,2,953,77,1,30,17,2,3,2,40,29,1,1
14,1,943,78,1,2,3,1,2,3,2,2,1,1
14,2,774,79,1,20,19,1,2,1,32,32,1,1
14,2,1117,80,1,14,22,2,2,1,24,34,1,1
15,1,2035,1,4,109,110,1,1,2,28,28,1,1
15,2,1319,2,4,99,118,2,3,1,7,35,1,1
15,2,1149,3,4,93,95,2,3,2,1,6,1,1
15,2,1255,4,4,104,105,1,2,3,15,15,1,1
15,1,1619,5,4,113,114,1,2,3,30,30,1,1
15,1,1159,6,4,116,115,1,2,1,31,31,1,1
15,2,902,7,4,108,97,2,3,1,25,7,1,1
15,1,1269,8,4,100,102,1,1,3,14,14,1,1
15,2,980,9,4,118,107,2,1,2,35,25,1,1
15,2,1138,10,4,94,92,2,1,2,6,1,1,1
15,1,932,11,3,88,89,1,1,2,36,36,1,1
15,1,1351,12,3,61,63,1,1,3,3,3,1,1
15,2,1234,13,3,77,81,2,2,3,19,21,1,1
15,2,971,14,3,81,67,2,3,1,21,10,1,1
15,2,1026,15,3,74,64,2,2,1,18,9,1,1
15,1,973,16,3,82,83,1,1,2,22,22,1,1
15,1,1186,17,3,67,77,2,1,2,10,19,1,1
15,1,858,18,3,71,72,1,2,3,16,16,1,1
15,2,974,19,3,87,85,1,3,1,23,23,1,1
15,2,1026,20,3,66,74,2,3,2,9,18,1,1
15,2,1266,21,4,106,105,2,1,3,25,15,1,1
15,2,1100,22,4,117,118,2,3,1,31,35,1,1
15,1,1227,23,4,100,102,1,1,3,14,14,1,1
15,1,1374,24,4,92,91,1,2,1,1,1,1,1
15,2,1019,25,4,98,106,2,2,1,7,25,1,1
15,1,1154,26,4,114,113,1,3,2,30,30,1,1
15,2,1486,27,4,120,98,2,3,2,35,7,1,1
15,2,909,28,4,104,117,2,2,3,15,31,1,1
15,1,1589,29,4,94,96,1,1,3,6,6,1,1
15,1,1673,30,4,109,111,1,1,3,28,28,1,1
15,1,923,31,3,88,89,1,1,2,36,36,1,1
15,2,1201,32,3,63,70,2,3,1,3,16,1,1
15,1,998,33,3,64,66,1,1,3,9,9,1,1
15,2,992,34,3,83,81,2,2,3,22,21,1,1
15,1,786,35,3,86,87,1,2,3,23,23,1,1
15,2,1134,36,3,71,84,2,2,3,16,22,1,1
15,1,856,37,3,75,74,1,3,2,18,18,1,1
15,2,904,38,3,76,63,2,1,3,19,3,1,1
15,2,899,39,3,81,77,2,3,2,21,19,1,1
15,2,964,40,3,67,68,1,1,2,10,10,1,1
15,2,1042,41,2,47,31,2,2,1,26,5,1,1
15,1,911,42,2,38,37,1,2,1,11,11,1,1
15,2,1208,43,2,55,42,2,1,3,37,17,1,1
15,2,1139,44,2,40,56,2,1,2,17,37,1,1
15,2,1008,45,2,31,36,2,1,3,5,8,1,1
15,2,2469,46,2,60,59,1,3,2,39,39,1,1
15,2,1280,47,2,54,53,1,3,2,33,33,1,1
15,1,1540,48,2,35,46,2,2,1,8,26,1,1
15,2,1921,49,2,43,44,1,1,2,20,20,1,1
15,1,978,50,2,51,50,1,3,2,27,27,1,1
15,2,1353,52,1,18,16,1,3,1,29,29,1,1
15,2,907,53,1,29,9,2,2,3,40,12,1,1
15,1,1116,54,1,27,25,1,3,1,38,38,1,1
15,1,968,55,1,19,21,1,1,3,32,32,1,1
15,2,1463,56,1,12,5,2,3,2,13,4,1,1
15,1,813,57,1,2,1,1,2,1,2,2,1,1
15,2,1307,58,1,22,24,1,1,3,34,34,1,1
15,2,921,59,1,14,30,2,2,3,24,40,1,1
15,2,688,60,1,7,14,2,1,2,12,24,1,1
15,2,994,61,2,37,57,2,1,3,11,37,1,1
15,1,1576,62,2,32,31,1,2,1,5,5,1,1
15,1,1088,63,2,40,42,1,1,3,17,17,1,1
15,2,986,64,2,53,48,2,2,3,33,26,1,1
15,1,1158,65,2,48,49,2,3,1,26,27,1,1
15,2,790,66,2,55,54,2,1,3,37,33,1,1
15,1,1014,67,2,59,58,1,2,1,39,39,1,1
15,2,1028,68,2,51,37,2,3,1,27,11,1,1
15,1,1447,69,2,34,36,1,1,3,8,8,1,1
15,1,1010,70,2,45,43,1,3,1,20,20,1,1
15,1,829,71,1,1,2,1,1,2,2,2,1,1
15,1,1463,72,1,28,30,1,1,3,40,40,1,1
15,2,1770,73,1,8,4,2,2,1,12,4,1,1
15,1,1548,74,1,26,27,1,2,3,38,38,1,1
15,2,1089,75,1,10,15,2,1,3,13,24,1,1
15,2,1584,76,1,18,17,1,3,2,29,29,1,1
15,1,1307,77,1,20,21,1,2,3,32,32,1,1
15,2,1709,78,1,15,8,2,3,2,24,12,1,1
15,2,1141,79,1,4,23,2,1,2,4,34,1,1
15,2,1775,80,1,24,11,2,3,2,34,13,1,1
16,2,2221,4,2,32,51,2,2,3,5,27,1,1
16,2,1604,5,2,55,32,2,1,2,37,5,1,1
16,2,1993,6,2,47,36,2,2,3,26,8,1,1
16,1,1430,7,2,41,40,1,2,1,17,17,1,1
16,2,1693,8,2,34,48,2,1,3,8,26,1,1
16,1,1160,9,2,51,56,2,3,2,27,37,1,1
16,2,1712,10,2,58,60,1,1,3,39,39,1,1
16,1,1800,13,4,92,91,1,2,1,1,1,1,1
16,1,1919,14,4,103,104,1,1,2,15,15,1,1
16,1,2135,15,4,100,101,1,1,2,14,14,1,1
16,1,1370,17,4,119,115,2,2,1,35,31,1,1
16,2,1967,18,4,117,119,2,3,2,31,35,1,1
16,2,1813,19,4,108,107,1,3,2,25,25,1,1
16,2,1275,20,4,98,94,2,2,1,7,6,1,1
16,2,1502,21,1,19,29,2,1,2,32,40,1,1
16,1,1423,22,1,14,13,1,2,1,24,24,1,1
16,1,1687,23,1,7,9,1,1,3,12,12,1,1
16,2,1931,25,1,11,19,2,2,1,13,32,1,1
16,2,1607,26,1,29,18,2,2,3,40,29,1,1
16,1,1394,27,1,3,2,1,3,2,2,2,1,1
16,2,1482,28,1,25,27,1,1,3,38,38,1,1
16,1,1536,29,1,24,10,2,3,1,34,13,1,1
16,2,1314,30,1,18,22,2,3,1,29,34,1,1
16,2,1278,31,4,114,92,2,3,2,30,1,1,1
16,1,1522,32,4,111,110,1,3,2,28,28,1,1
16,1,2112,33,4,98,99,1,2,3,7,7,1,1
16,2,1156,34,4,94,116,2,1,2,6,31,1,1
16,1,1885,35,4,115,119,2,1,2,31,35,1,1
16,2,1412,36,4,119,96,2,2,3,35,6,1,1
16,1,1706,37,4,102,100,1,3,1,14,14,1,1
16,2,1560,38,4,104,103,1,2,1,15,15,1,1
16,2,1222,39,4,91,113,2,1,2,1,30,1,1
16,1,942,40,4,106,108,1,1,3,25,25,1,1
16,2,1543,41,3,71,87,2,2,3,16,23,1,1
16,2,1373,42,3,68,69,1,2,3,10,10,1,1
16,1,1309,43,3,75,73,1,3,1,18,18,1,1
16,2,1532,44,3,76,71,2,1,2,19,16,1,1
16,1,1508,45,3,82,83,1,1,2,22,22,1,1
16,2,2025,46,3,66,80,2,3,2,9,21,1,1
16,1,1090,47,3,88,89,1,1,2,36,36,1,1
16,2,1552,48,3,61,62,1,1,2,3,3,1,1
16,2,2056,49,3,80,66,2,2,3,21,9,1,1
16,1,1378,50,3,87,76,2,3,1,23,19,1,1
16,2,1551,51,1,30,28,1,3,1,40,40,1,1
16,1,2074,52,1,27,2,2,3,2,38,2,1,1
16,1,1421,53,1,17,16,1,2,1,29,29,1,1
16,2,1088,54,1,1,11,2,1,2,2,13,1,1
16,2,1477,55,1,7,26,2,1,2,12,38,1,1
16,2,1219,56,1,12,4,2,3,1,13,4,1,1
16,1,1238,57,1,14,15,1,2,3,24,24,1,1
16,1,1069,58,1,22,24,1,1,3,34,34,1,1
16,1,1429,59,1,20,19,1,2,1,32,32,1,1
16,2,1135,60,1,4,9,2,1,3,4,12,1,1
16,2,1176,61,3,63,62,1,3,2,3,3,1,1
16,1,1098,62,3,83,82,1,2,1,22,22,1,1
16,2,1298,63,3,88,74,2,1,2,36,18,1,1
16,2,1491,64,3,74,64,2,2,1,18,9,1,1
16,2,1534,65,3,67,90,2,1,3,10,36,1,1
16,1,1169,66,3,72,71,1,3,2,16,16,1,1
16,2,1598,67,3,64,78,2,1,3,9,19,1,1
16,1,868,68,3,81,80,1,3,2,21,21,1,1
16,1,1353,69,3,86,87,1,2,3,23,23,1,1
16,2,1916,70,3,76,68,2,1,2,19,10,1,1
16,2,1547,71,2,40,41,1,1,2,17,17,1,1
16,1,1995,72,2,60,47,2,3,2,39,26,1,1
16,2,1356,73,2,47,55,2,2,1,26,37,1,1
16,1,1932,74,2,36,52,2,3,1,8,33,1,1
16,1,1701,75,2,55,35,2,1,2,37,8,1,1
16,1,1664,76,2,51,49,1,3,1,27,27,1,1
16,1,1232,77,2,53,60,2,2,3,33,39,1,1
16,2,1417,78,2,43,44,1,1,2,20,20,1,1
16,1,1445,79,2,37,39,1,1,3,11,11,1,1
16,1,1680,80,2,32,31,1,2,1,5,5,1,1
18,1,1893,3,1,30,22,2,3,1,40,34,1,1
18,2,1600,4,1,3,29,2,3,2,2,40,1,1
18,1,1446,5,1,11,12,1,2,3,13,13,1,1
18,2,1586,6,1,20,27,2,2,3,32,38,1,1
18,1,1231,7,1,14,15,1,2,3,24,24,1,1
18,2,1552,8,1,27,1,2,3,1,38,2,1,1
18,1,1471,9,1,4,5,1,1,2,4,4,1,1
18,2,1279,10,1,22,20,2,1,2,34,32,1,1
18,2,1725,11,2,53,45,2,2,3,33,20,1,1
18,1,1112,12,2,41,40,1,2,1,17,17,1,1
18,1,1007,13,2,36,35,1,3,2,8,8,1,1
18,1,1123,14,2,55,56,1,1,2,37,37,1,1
18,2,2132,15,2,32,54,2,2,3,5,33,1,1
18,2,2191,16,2,39,49,2,3,1,11,27,1,1
18,1,1334,17,2,46,48,1,1,3,26,26,1,1
18,2,1195,18,2,45,37,2,3,1,20,11,1,1
18,1,1484,19,2,58,60,1,1,3,39,39,1,1
18,2,1836,20,2,49,33,2,1,3,27,5,1,1
18,1,1486,21,3,61,62,1,1,2,3,3,1,1
18,2,1255,22,3,86,76,2,2,1,23,19,1,1
18,2,1173,23,3,81,85,2,3,1,21,23,1,1
18,1,2011,24,3,84,82,1,3,1,22,22,1,1
18,1,853,25,3,89,88,1,2,1,36,36,1,1
18,1,1554,26,3,67,68,1,1,2,10,10,1,1
18,2,1015,27,3,77,81,2,2,3,19,21,1,1
18,2,2169,28,3,73,71,2,1,2,18,16,1,1
18,2,1386,29,3,72,74,2,3,2,16,18,1,1
18,1,842,30,3,64,65,1,1,2,9,9,1,1
18,1,1329,31,4,111,110,1,3,2,28,28,1,1
18,1,1730,32,4,115,120,2,1,3,31,35,1,1
18,2,1260,33,4,118,95,2,1,2,35,6,1,1
18,1,1356,34,4,99,98,1,3,2,7,7,1,1
18,1,1177,35,4,102,100,1,3,1,14,14,1,1
18,1,826,36,4,107,108,1,2,3,25,25,1,1
18,2,1056,37,4,104,93,2,2,3,15,1,1,1
18,2,1310,38,4,91,105,2,1,3,1,15,1,1
18,1,1415,39,4,113,114,1,2,3,30,30,1,1
18,2,1016,40,4,94,117,2,1,3,6,31,1,1
18,2,1319,41,3,87,61,2,3,1,23,3,1,1
18,1,1130,42,3,80,79,1,2,1,21,21,1,1
18,1,827,43,3,64,65,1,1,2,9,9,1,1
18,1,1476,44,3,83,84,1,2,3,22,22,1,1
18,1,1183,45,3,67,69,1,1,3,10,10,1,1
18,1,773,46,3,90,88,1,3,1,36,36,1,1
18,2,916,47,3,61,74,2,1,2,3,18,1,1
18,2,1707,48,3,71,78,2,2,3,16,19,1,1
18,2,1825,49,3,78,71,2,3,2,19,16,1,1
18,2,1081,50,3,73,87,2,1,3,18,23,1,1
18,1,865,51,1,23,22,1,2,1,34,34,1,1
18,1,1186,52,1,14,15,1,2,3,24,24,1,1
18,1,2103,53,1,19,30,2,1,3,32,40,1,1
18,2,1179,54,1,30,10,2,3,1,40,13,1,1
18,1,954,55,1,1,3,1,1,3,2,2,1,1
18,1,1604,56,1,8,7,1,2,1,12,12,1,1
18,2,1606,59,1,10,20,2,1,2,13,32,1,1
18,1,1655,60,1,18,16,1,3,1,29,29,1,1
18,1,1447,61,4,110,109,1,2,1,28,28,1,1
18,2,1122,62,4,94,119,2,1,2,6,35,1,1
18,1,852,63,4,105,104,1,3,2,15,15,1,1
18,1,932,64,4,116,117,1,2,3,31,31,1,1
18,1,674,65,4,106,107,1,1,2,25,25,1,1
18,2,1600,66,4,114,95,2,3,2,30,6,1,1
18,2,1424,67,4,118,93,2,1,3,35,1,1,1
18,1,805,68,4,93,101,2,3,2,1,14,1,1
18,1,1130,69,4,97,99,1,1,3,7,7,1,1
18,2,1302,70,4,101,114,2,2,3,14,30,1,1
18,1,870,71,2,51,50,1,3,2,27,27,1,1
18,1,968,72,2,42,40,1,3,1,17,17,1,1
18,1,1330,73,2,54,52,1,3,1,33,33,1,1
18,2,2284,74,2,34,45,2,1,3,8,20,1,1
18,2,1277,75,2,46,39,2,1,3,26,11,1,1
18,2,1333,76,2,31,47,2,1,2,5,26,1,1
18,1,785,77,2,37,33,2,1,3,11,5,1,1
18,1,858,78,2,59,60,1,2,3,39,39,1,1
18,1,933,79,2,56,55,1,2,1,37,37,1,1
18,2,1265,80,2,44,34,2,2,1,20,8,1,1
19,2,2467,1,2,53,58,2,2,1,33,39,1,1
19,1,1429,2,2,42,41,1,3,2,17,17,1,1
19,1,1340,3,2,39,37,1,3,1,11,11,1,1
19,1,2101,4,2,56,55,1,2,1,37,37,1,1
19,2,1886,5,2,43,50,2,1,2,20,27,1,1
19,2,1547,6,2,49,36,2,1,3,27,8,1,1
19,2,1121,7,2,36,44,2,3,2,8,20,1,1
19,1,1986,8,2,46,48,1,1,3,26,26,1,1
19,2,985,9,2,58,53,2,1,2,39,33,1,1
19,1,1823,10,2,32,31,1,2,1,5,5,1,1
19,2,1509,11,3,79,68,2,1,2,21,10,1,1
19,1,1912,12,3,64,66,1,1,3,9,9,1,1
19,2,1917,13,3,78,76,1,3,1,19,19,1,1
19,2,2049,14,3,61,62,1,1,2,3,3,1,1
19,2,1596,15,3,74,85,2,2,1,18,23,1,1
19,2,1625,16,3,69,80,2,3,2,10,21,1,1
19,1,1692,17,3,70,71,1,1,2,16,16,1,1
19,2,1335,18,3,84,74,2,3,2,22,18,1,1
19,2,1646,19,3,86,84,2,2,3,23,22,1,1
19,1,1318,20,3,89,88,1,2,1,36,36,1,1
19,1,1863,21,4,102,100,1,3,1,14,14,1,1
19,2,1279,22,4,117,104,2,3,2,31,15,1,1
19,1,1614,23,4,95,94,1,2,1,6,6,1,1
19,1,1624,24,4,98,99,1,2,3,7,7,1,1
19,2,1299,25,4,111,119,2,3,2,28,35,1,1
19,1,1688,26,4,112,111,2,1,3,30,28,1,1
19,2,1604,27,4,104,114,2,2,3,15,30,1,1
19,1,1658,28,4,106,108,1,1,3,25,25,1,1
19,2,1259,29,4,118,116,2,1,2,35,31,1,1
19,1,1098,30,4,91,93,1,1,3,1,1,1,1
19,1,1244,31,3,79,81,1,1,3,21,21,1,1
19,2,2003,32,3,90,68,2,3,2,36,10,1,1
19,2,976,33,3,67,87,2,1,3,10,23,1,1
19,1,1111,34,3,85,90,2,1,3,23,36,1,1
19,1,1450,35,3,73,74,1,1,2,18,18,1,1
19,2,1233,36,3,65,70,2,2,1,9,16,1,1
19,2,1139,37,3,71,64,2,2,1,16,9,1,1
19,1,1419,38,3,83,82,1,2,1,22,22,1,1
19,2,1883,39,3,78,76,1,3,1,19,19,1,1
19,1,1759,40,3,63,62,1,3,2,3,3,1,1
19,1,1757,42,2,32,33,1,2,3,5,5,1,1
19,1,1766,43,2,52,53,1,1,2,33,33,1,1
19,1,1697,44,2,41,40,1,2,1,17,17,1,1
19,1,1404,45,2,46,48,1,1,3,26,26,1,1
19,2,1139,46,2,39,58,2,3,1,11,39,1,1
19,2,929,49,2,36,43,2,3,1,8,20,1,1
19,2,1598,50,2,59,55,2,2,1,39,37,1,1
19,2,1464,51,1,13,30,2,1,3,24,40,1,1
19,1,1188,52,1,3,1,1,3,1,2,2,1,1
19,2,924,53,1,9,19,2,3,1,12,32,1,1
19,2,1307,54,1,25,27,1,1,3,38,38,1,1
19,2,1705,55,1,16,18,1,1,3,29,29,1,1
19,2,2078,56,1,29,22,2,2,1,40,34,1,1
19,1,1813,57,1,10,12,1,1,3,13,13,1,1
19,2,1874,58,1,24,8,2,3,2,34,12,1,1
19,2,1083,59,1,20,13,2,2,1,32,24,1,1
19,1,1036,60,1,5,6,1,2,3,4,4,1,1
19,1,1469,61,4,100,92,2,1,2,14,1,1,1
19,2,927,62,4,117,100,2,3,1,31,14,1,1
19,2,945,63,4,94,108,2,1,3,6,25,1,1
19,2,1096,64,4,107,94,2,2,1,25,6,1,1
19,2,1430,65,4,113,112,1,2,1,30,30,1,1
19,1,915,66,4,105,103,1,3,1,15,15,1,1
19,1,1626,67,4,97,98,1,1,2,7,7,1,1
19,1,1679,68,4,119,118,1,2,1,35,35,1,1
19,2,998,69,4,91,117,2,1,3,1,31,1,1
19,2,2472,70,4,111,110,1,3,2,28,28,1,1
19,2,810,71,1,24,13,2,3,1,34,24,1,1
19,1,1567,72,1,16,17,1,1,2,29,29,1,1
19,1,2168,73,1,11,12,1,2,3,13,13,1,1
19,1,883,74,1,3,2,1,3,2,2,2,1,1
19,2,862,75,1,25,26,1,1,2,38,38,1,1
19,2,831,76,1,15,8,2,3,2,24,12,1,1
19,2,1562,77,1,19,23,2,1,2,32,34,1,1
19,1,1970,78,1,29,30,1,2,3,40,40,1,1
19,2,1073,79,1,5,19,2,2,1,4,32,1,1
19,2,1073,80,1,7,5,2,1,2,12,4,1,1
20,1,1872,1,1,29,28,1,2,1,40,40,1,1
20,1,1687,2,1,8,7,1,2,1,12,12,1,1
20,2,1641,3,1,21,20,1,3,2,32,32,1,1
20,2,1391,4,1,25,18,2,1,3,38,29,1,1
20,2,1324,5,1,10,12,1,1,3,13,13,1,1
20,2,1653,6,1,6,25,2,3,1,4,38,1,1
20,2,962,7,1,22,15,2,1,3,34,24,1,1
20,2,1002,8,1,14,4,2,2,1,24,4,1,1
20,1,855,9,1,3,1,1,3,1,2,2,1,1
20,1,2148,10,1,16,24,2,1,3,29,34,1,1
20,2,775,11,3,79,66,2,1,3,21,9,1,1
20,2,1428,12,3,66,86,2,3,2,9,23,1,1
20,1,1136,13,3,86,72,2,2,3,23,16,1,1
20,1,854,14,3,73,80,2,1,2,18,21,1,1
20,1,835,15,3,62,63,1,2,3,3,3,1,1
20,2,1272,16,3,78,76,1,3,1,19,19,1,1
20,2,1006,17,3,72,74,2,3,2,16,18,1,1
20,1,1100,18,3,89,90,1,2,3,36,36,1,1
20,1,1290,19,3,82,84,1,1,3,22,22,1,1
20,1,1423,20,3,67,69,1,1,3,10,10,1,1
20,1,1329,21,4,112,114,1,1,3,30,30,1,1
20,2,1159,22,4,93,104,2,3,2,1,15,1,1
20,2,824,23,4,106,101,2,1,2,25,14,1,1
20,2,1722,24,4,99,91,2,3,1,7,1,1,1
20,1,779,25,4,119,120,1,2,3,35,35,1,1
20,1,1090,26,4,95,96,1,2,3,6,6,1,1
20,2,816,27,4,100,107,2,1,2,14,25,1,1
20,1,1402,28,4,110,109,1,2,1,28,28,1,1
20,2,1372,29,4,103,98,2,1,2,15,7,1,1
20,1,837,30,4,117,115,1,3,1,31,31,1,1
20,2,750,31,3,63,80,2,3,2,3,21,1,1
20,2,1038,32,3,89,76,2,2,1,36,19,1,1
20,1,1258,33,3,70,71,1,1,2,16,16,1,1
20,1,1055,34,3,82,83,1,1,2,22,22,1,1
20,1,680,35,3,75,74,1,3,2,18,18,1,1
20,2,995,36,3,67,89,2,1,2,10,36,1,1
20,2,866,37,3,80,63,2,2,3,21,3,1,1
20,2,1202,38,3,78,67,2,3,1,19,10,1,1
20,1,642,39,3,86,87,1,2,3,23,23,1,1
20,1,820,40,3,64,65,1,1,2,9,9,1,1
20,1,1245,41,2,54,53,1,3,2,33,33,1,1
20,2,1031,42,2,31,38,2,1,2,5,11,1,1
20,2,962,43,2,37,60,2,1,3,11,39,1,1
20,1,953,44,2,44,43,1,2,1,20,20,1,1
20,1,1104,45,2,49,50,1,1,2,27,27,1,1
20,2,1052,46,2,59,33,2,2,3,39,5,1,1
20,1,1207,47,2,48,47,1,3,2,26,26,1,1
20,2,1299,48,2,41,34,2,2,1,17,8,1,1
20,2,1430,49,2,36,41,2,3,2,8,17,1,1
20,1,1000,50,2,55,57,1,1,3,37,37,1,1
20,1,1011,51,4,92,91,1,2,1,1,1,1,1
20,2,1400,52,4,114,116,2,3,2,30,31,1,1
20,2,1186,53,4,102,113,2,3,2,14,30,1,1
20,2,1546,54,4,97,102,2,1,3,7,14,1,1
20,1,994,55,4,118,120,1,1,3,35,35,1,1
20,1,1095,56,4,115,110,2,1,2,31,28,1,1
20,1,846,57,4,104,105,1,2,3,15,15,1,1
20,1,950,58,4,110,97,2,2,1,28,7,1,1
20,1,970,59,4,106,108,1,1,3,25,25,1,1
20,1,1181,60,4,96,94,1,3,1,6,6,1,1
20,1,906,61,2,35,36,1,2,3,8,8,1,1
20,1,1484,62,2,33,50,2,3,2,5,27,1,1
20,1,758,63,2,55,57,1,1,3,37,37,1,1
20,2,2002,64,2,46,47,1,1,2,26,26,1,1
20,1,1253,65,2,42,41,1,3,2,17,17,1,1
20,2,1503,66,2,49,59,2,1,2,27,39,1,1
20,1,1201,67,2,52,53,1,1,2,33,33,1,1
20,2,1308,68,2,59,31,2,2,1,39,5,1,1
20,2,929,69,2,39,44,2,3,2,11,20,1,1
20,2,1096,70,2,44,37,2,2,1,20,11,1,1
20,1,1472,71,1,19,20,1,1,2,32,32,1,1
20,2,1366,72,1,11,1,2,2,1,13,2,1,1
20,1,1490,73,1,30,28,1,3,1,40,40,1,1
20,1,1600,74,1,26,27,1,2,3,38,38,1,1
20,2,861,75,1,15,4,2,3,1,24,4,1,1
20,1,876,76,1,22,23,1,1,2,34,34,1,1
20,2,1012,77,1,17,13,2,2,1,29,24,1,1
20,1,1354,78,1,7,8,1,1,2,12,12,1,1
20,2,1298,79,1,4,11,2,1,2,4,13,1,1
20,2,1290,80,1,3,16,2,3,1,2,29,1,1
