PID,RESPONSE,RT,STIM,GROUP,PICNOS1,PICNOS2,MATCH,ORTN1,ORTN2,PICID1,PICID2,DAY,SESSION
1,1,817.9411169658391,1,3,76,78,1,1,3,19,19,5,2
1,1,1018.835097228294,2,3,90,88,1,3,1,36,36,5,2
1,2,719.3850531767944,3,3,86,82,2,2,1,23,22,5,2
1,1,704.5118159329851,4,3,75,73,1,3,1,18,18,5,2
1,1,621.5227920973964,5,3,61,63,1,1,3,3,3,5,2
1,2,1009.4487832267229,6,3,83,72,2,2,3,22,16,5,2
1,1,735.47940489695,7,3,64,65,1,1,2,9,9,5,2
1,1,783.480576266317,8,3,81,67,2,3,1,21,10,5,2
1,2,653.3626860150697,9,3,68,85,2,2,1,10,23,5,2
1,2,674.230276388857,10,3,70,80,2,1,2,16,21,5,2
1,2,747.8417950482171,11,4,110,105,2,2,3,28,15,5,2
1,2,795.440775720142,12,4,120,107,2,3,2,35,25,5,2
1,1,1101.207699418371,13,4,114,112,1,3,1,30,30,5,2
1,2,814.9888361945217,14,4,116,117,1,2,3,31,31,5,2
1,2,947.6960676033589,15,4,107,93,2,2,3,25,1,5,2
1,1,1025.0715221343398,16,4,94,95,1,1,2,6,6,5,2
1,1,1034.6422416567834,17,4,100,101,1,1,2,14,14,5,2
1,1,1798.3496570324526,18,4,99,98,1,3,2,7,7,5,2
1,2,853.1325244583048,19,4,91,110,2,1,2,1,28,5,2
1,2,897.0753028528542,20,4,103,119,2,1,2,15,35,5,2
1,2,1864.1834959624202,21,1,5,4,1,2,1,4,4,5,2
1,2,756.9342936859572,22,1,19,21,1,1,3,32,32,5,2
1,2,1190.0796148170818,23,1,24,23,1,3,2,34,34,5,2
1,2,1317.7492305544672,24,1,12,13,2,3,1,13,24,5,2
1,2,1104.707522090128,25,1,7,8,1,1,2,12,12,5,2
1,2,729.6541909661302,26,1,14,3,2,2,3,24,2,5,2
1,1,1174.9367518137183,27,1,16,17,1,1,2,29,29,5,2
1,2,1452.0753993801275,28,1,29,25,2,2,1,40,38,5,2
1,1,771.1358858605856,29,1,25,11,2,1,2,38,13,5,2
1,2,764.4372310023033,30,1,3,28,2,3,1,2,40,5,2
1,2,825.1040645568091,31,3,70,69,2,1,3,16,10,5,2
1,1,831.1926739148182,32,3,84,82,1,3,1,22,22,5,2
1,2,932.0674922104799,33,3,62,90,2,2,3,3,36,5,2
1,1,810.9719149233365,34,3,75,73,1,3,1,18,18,5,2
1,2,858.5961089074519,35,3,85,63,2,1,3,23,3,5,2
1,1,967.0697308649367,36,3,79,80,1,1,2,21,21,5,2
1,2,961.1719407147397,37,3,89,72,2,2,3,36,16,5,2
1,2,973.0815401912172,38,3,78,77,1,3,2,19,19,5,2
1,2,787.2498936849079,39,3,64,65,1,1,2,9,9,5,2
1,2,1241.8723520605495,40,3,68,87,2,2,3,10,23,5,2
1,2,841.4909237580383,42,2,43,47,2,1,2,20,26,5,2
1,1,1135.2758052849365,43,2,59,58,1,2,1,39,39,5,2
1,1,1001.7985594033971,44,2,39,37,1,3,1,11,11,5,2
1,1,724.4876503433608,45,2,52,54,1,1,3,33,33,5,2
1,2,1308.957429163897,46,2,40,50,2,1,2,17,27,5,2
1,2,644.5960846191342,47,2,33,40,2,3,1,5,17,5,2
1,2,1353.050852469957,48,2,48,31,2,3,1,26,5,5,2
1,2,627.6000866412434,49,2,50,43,2,2,1,27,20,5,2
1,1,535.6994562947881,50,2,55,57,1,1,3,37,37,5,2
1,1,742.3702849484391,51,1,10,11,1,1,2,13,13,5,2
1,2,680.3720496756002,52,1,15,13,1,3,1,24,24,5,2
1,1,825.9090877527846,53,1,29,30,1,2,3,40,40,5,2
1,1,655.7799171911254,54,1,17,24,2,2,3,29,34,5,2
1,1,720.1871133467125,55,1,9,8,1,3,2,12,12,5,2
1,2,777.7487844542659,56,1,23,19,2,2,1,34,32,5,2
1,2,1107.7942636324256,57,1,1,17,2,1,2,2,29,5,2
1,1,924.9355389142572,58,1,27,26,1,3,2,38,38,5,2
1,2,670.0578845726106,59,1,19,6,2,1,3,32,4,5,2
1,2,908.240599298681,60,1,4,3,2,1,3,4,2,5,2
1,2,1366.3237362053826,61,4,106,102,2,1,3,25,14,5,2
1,1,1192.130720580883,62,4,92,91,1,2,1,1,1,5,2
1,2,1026.2257933587425,63,4,95,108,2,2,3,6,25,5,2
1,2,739.9828410743031,64,4,100,95,2,1,2,14,6,5,2
1,1,1612.9053021219079,65,4,99,119,2,3,2,7,35,5,2
1,1,838.8871667509263,66,4,113,114,1,2,3,30,30,5,2
1,2,1158.3847985673306,67,4,118,99,2,1,3,35,7,5,2
1,1,782.6866862707051,68,4,109,111,1,1,3,28,28,5,2
1,1,837.3215859037571,69,4,105,104,1,3,2,15,15,5,2
1,1,1432.4653289779378,70,4,117,116,1,3,2,31,31,5,2
1,1,996.9661552743756,71,2,53,54,1,2,3,33,33,5,2
1,1,861.9263121132456,72,2,57,56,1,3,2,37,37,5,2
1,1,1043.21136619496,73,2,38,51,2,2,3,11,27,5,2
1,2,693.0517588396305,74,2,51,35,2,3,2,27,8,5,2
1,1,913.2990358574413,75,2,40,41,1,1,2,17,17,5,2
1,2,770.1479428628268,77,2,36,58,2,3,1,8,39,5,2
1,2,1295.2124128482133,78,2,43,39,2,1,3,20,11,5,2
1,1,1084.8604666132198,79,2,31,33,1,1,3,5,5,5,2
1,2,1115.0113297023267,80,2,59,43,2,2,1,39,20,5,2
2,2,1025.9479903911706,1,3,71,61,2,2,1,16,3,5,2
2,1,1068.5407719791783,3,3,81,79,1,3,1,21,21,5,2
2,1,1293.8680446718859,4,3,89,88,1,2,1,36,36,5,2
2,1,1131.5823853565748,5,3,73,75,1,1,3,18,18,5,2
2,2,897.5817713158542,6,3,65,85,2,2,1,9,23,5,2
2,1,999.4028851771945,7,3,76,78,1,1,3,19,19,5,2
2,2,1689.9958861629877,8,3,87,70,2,3,1,23,16,5,2
2,1,649.6698252232214,10,3,82,83,1,1,2,22,22,5,2
2,1,1428.5499794880993,11,4,98,97,1,2,1,7,7,5,2
2,2,1119.811266370753,12,4,96,104,2,3,2,6,15,5,2
2,2,1421.3490130531754,13,4,91,95,2,1,2,1,6,5,2
2,2,1257.8541154868485,14,4,101,117,2,2,3,14,31,5,2
2,2,1427.158798723503,15,4,105,101,2,3,2,15,14,5,2
2,1,1351.375247326631,16,4,114,112,1,3,1,30,30,5,2
2,2,1861.003029900585,17,4,106,108,1,1,3,25,25,5,2
2,1,2033.385141326385,18,4,118,119,1,1,2,35,35,5,2
2,1,976.0938850649475,19,4,110,109,1,2,1,28,28,5,2
2,2,2084.848569532437,20,4,115,92,2,1,2,31,1,5,2
2,1,1865.125354759211,21,2,58,60,1,1,3,39,39,5,2
2,2,2398.7477025378066,22,2,43,36,2,1,3,20,8,5,2
2,2,1019.6026534973657,23,2,36,41,2,3,2,8,17,5,2
2,1,1258.619356978932,24,2,50,33,2,2,3,27,5,5,2
2,2,906.4515474924167,26,2,40,45,2,1,3,17,20,5,2
2,1,1241.8976158419432,27,2,54,53,1,3,2,33,33,5,2
2,2,1468.5748712429795,28,2,32,49,2,2,1,5,27,5,2
2,1,1288.6683707532507,29,2,56,55,1,2,1,37,37,5,2
2,1,1589.114605837933,30,2,48,46,1,3,1,26,26,5,2
2,1,1103.0379586836411,31,4,110,111,1,2,3,28,28,5,2
2,2,993.4168556584683,32,4,94,104,2,1,2,6,15,5,2
2,2,1681.788831801577,33,4,102,94,2,3,1,14,6,5,2
2,1,2317.8125231756007,34,4,91,92,1,1,2,1,1,5,2
2,1,1169.1494295972013,35,4,119,118,1,2,1,35,35,5,2
2,1,833.0780832062289,36,4,107,106,1,2,1,25,25,5,2
2,1,1329.8602997588273,37,4,114,113,1,3,2,30,30,5,2
2,2,1487.688148237213,38,4,97,102,2,1,3,7,14,5,2
2,2,1411.6828476196035,39,4,115,99,2,1,3,31,7,5,2
2,2,1279.8148584565724,40,4,105,116,2,3,2,15,31,5,2
2,1,778.0796152952673,41,2,44,45,1,2,3,20,20,5,2
2,2,794.7998112172249,42,2,33,46,2,3,1,5,26,5,2
2,1,1175.8977187460746,44,2,58,59,1,1,2,39,39,5,2
2,1,1149.4339332283512,45,2,42,41,1,3,2,17,17,5,2
2,2,910.5289782475513,46,2,34,57,2,1,3,8,37,5,2
2,2,967.1541690531226,47,2,53,34,2,2,1,33,8,5,2
2,2,1492.5418340808055,48,2,57,32,2,3,2,37,5,5,2
2,2,901.9816450634087,49,2,46,54,2,1,3,26,33,5,2
2,1,1893.320038080206,50,2,49,50,1,1,2,27,27,5,2
2,2,1107.1407859908254,51,1,28,26,2,1,2,40,38,5,2
2,1,1942.742094821658,52,1,6,5,1,3,2,4,4,5,2
2,1,1443.2739580234672,53,1,21,8,2,3,2,32,12,5,2
2,1,1516.0088375114376,54,1,14,13,1,2,1,24,24,5,2
2,1,1061.8430093296038,55,1,22,24,1,1,3,34,34,5,2
2,1,1176.9299151190846,56,1,10,11,1,1,2,13,13,5,2
2,2,954.3241175199208,57,1,3,1,1,3,1,2,2,5,2
2,2,1520.6214337327212,58,1,8,30,2,2,3,12,40,5,2
2,2,1761.5906237998386,59,1,25,18,2,1,3,38,29,5,2
2,2,1235.7549474983332,60,1,17,19,2,2,1,29,32,5,2
2,2,1315.3263279369198,61,3,84,70,2,3,1,22,16,5,2
2,1,906.640300463571,62,3,76,77,1,1,2,19,19,5,2
2,1,913.847828402016,63,3,63,62,1,3,2,3,3,5,2
2,2,1275.6641071115012,64,3,74,73,1,2,1,18,18,5,2
2,1,1181.7931857488697,65,3,80,81,1,2,3,21,21,5,2
2,2,823.1020629680912,66,3,67,84,2,1,3,10,22,5,2
2,2,845.3334873745965,67,3,87,64,2,3,1,23,9,5,2
2,1,1029.364258800686,68,3,89,88,1,2,1,36,36,5,2
2,2,1018.2324599526571,69,3,70,68,2,1,2,16,10,5,2
2,2,1269.373363731569,70,3,64,86,2,1,2,9,23,5,2
2,1,1253.4538101364683,71,1,28,29,1,1,2,40,40,5,2
2,2,1747.9115288272233,72,1,23,25,2,2,1,34,38,5,2
2,1,1065.0729276239665,73,1,13,15,1,1,3,24,24,5,2
2,2,1527.2051872818602,74,1,17,1,2,2,1,29,2,5,2
2,1,2079.128588479288,75,1,7,8,1,1,2,12,12,5,2
2,1,1107.2855905568122,76,1,21,19,1,3,1,32,32,5,2
2,2,1821.1314828456939,77,1,1,12,2,1,3,2,13,5,2
2,1,1070.4613976927483,78,1,5,4,1,2,1,4,4,5,2
2,1,1180.941708446685,79,1,27,16,2,3,1,38,29,5,2
2,2,1451.446051672096,80,1,12,23,2,3,2,13,34,5,2
4,2,878.1170153298378,1,2,38,40,2,2,1,11,17,5,2
4,2,1299.6940026223383,2,2,57,43,2,3,1,37,20,5,2
4,2,898.497149032927,3,2,40,39,2,1,3,17,11,5,2
4,1,813.741568917719,4,2,36,34,1,3,1,8,8,5,2
4,1,1045.656704664982,5,2,46,48,1,1,3,26,26,5,2
4,2,792.8346834779986,6,2,54,53,1,3,2,33,33,5,2
4,1,973.8156916984759,7,2,59,58,1,2,1,39,39,5,2
4,2,850.5956400139085,8,2,44,33,2,2,3,20,5,5,2
4,2,843.222766820106,9,2,31,57,2,1,3,5,37,5,2
4,1,722.5655265161813,10,2,49,51,1,1,3,27,27,5,2
4,2,1035.211562234934,11,3,77,79,2,2,1,19,21,5,2
4,2,1292.6210334676152,12,3,82,71,2,1,2,22,16,5,2
4,1,657.7503322332313,13,3,62,61,1,2,1,3,3,5,2
4,1,927.8099930230544,14,3,88,90,1,1,3,36,36,5,2
4,1,704.1738492851588,15,3,69,68,1,3,2,10,10,5,2
4,2,857.7883567730785,16,3,86,78,2,2,3,23,19,5,2
4,1,919.3196908195093,17,3,75,73,1,3,1,18,18,5,2
4,1,722.6599745325605,18,3,72,82,2,3,1,16,22,5,2
4,2,893.6784837928446,19,3,79,86,2,1,2,21,23,5,2
4,1,986.8997034681022,20,3,64,66,1,1,3,9,9,5,2
4,1,725.8899380405405,21,4,109,110,1,1,2,28,28,5,2
4,2,926.6284863830072,22,4,117,97,2,3,1,31,7,5,2
4,1,904.4443147353488,23,4,91,92,1,1,2,1,1,5,2
4,1,737.6653428180343,24,4,100,101,1,1,2,14,14,5,2
4,2,851.865841678381,25,4,108,113,2,3,2,25,30,5,2
4,1,1181.1690959829468,26,4,95,96,1,2,3,6,6,5,2
4,2,949.7087657860723,27,4,104,106,2,2,1,15,25,5,2
4,2,913.911075269237,28,4,112,117,2,1,3,30,31,5,2
4,2,820.4069558490291,29,4,99,104,2,3,2,7,15,5,2
4,1,909.5393786151627,30,4,119,120,1,2,3,35,35,5,2
4,1,1149.1262461853023,31,1,4,5,1,1,2,4,4,5,2
4,2,771.9822095845606,32,1,24,16,2,3,1,34,29,5,2
4,2,697.4868877238121,33,1,17,3,2,2,3,29,2,5,2
4,1,1100.3036433736452,34,1,10,12,1,1,3,13,13,5,2
4,1,808.0175836261697,35,1,9,7,1,3,1,12,12,5,2
4,2,997.5167285978652,36,1,19,21,1,1,3,32,32,5,2
4,2,804.4037772215434,37,1,1,27,2,1,3,2,38,5,2
4,1,677.6639478383911,38,1,14,13,1,2,1,24,24,5,2
4,2,887.5911794085059,39,1,29,24,2,2,3,40,34,5,2
4,2,809.7193383844493,40,1,27,28,2,3,1,38,40,5,2
4,1,722.0658933897312,41,3,86,85,1,2,1,23,23,5,2
4,2,629.3312076987736,42,3,75,80,2,3,2,18,21,5,2
4,1,1007.1949747522775,43,3,72,70,1,3,1,16,16,5,2
4,2,1442.0136793062788,44,3,88,78,2,1,3,36,19,5,2
4,1,756.1191013660471,46,3,67,69,1,1,3,10,10,5,2
4,1,685.5247070374277,47,3,61,62,1,1,2,3,3,5,2
4,2,750.6004033769872,48,3,77,64,2,2,1,19,9,5,2
4,1,1249.9418205037332,49,3,83,82,1,2,1,22,22,5,2
4,2,696.045274823166,50,3,66,89,2,3,2,9,36,5,2
4,2,836.8912810401382,51,2,44,52,2,2,1,20,33,5,2
4,1,1341.318488228279,53,2,51,50,1,3,2,27,27,5,2
4,2,1033.255719413493,54,2,34,39,2,1,3,8,11,5,2
4,1,1022.3359395958012,55,2,33,32,1,3,2,5,5,5,2
4,1,796.9536282310091,56,2,59,60,1,2,3,39,39,5,2
4,1,885.8964257529567,57,2,55,56,1,1,2,37,37,5,2
4,2,1003.800706675537,58,2,37,41,2,1,2,11,17,5,2
4,2,1183.3937884824777,59,2,54,43,2,3,1,33,20,5,2
4,1,831.091233662486,60,2,46,47,1,1,2,26,26,5,2
4,1,814.1645435710128,61,1,25,27,1,1,3,38,38,5,2
4,1,696.9103558873146,62,1,4,30,2,1,3,4,40,5,2
4,2,855.164925957871,63,1,24,16,2,3,1,34,29,5,2
4,1,791.5667450807871,64,1,11,12,1,2,3,13,13,5,2
4,2,1447.1469835081232,65,1,30,14,2,3,2,40,24,5,2
4,1,830.9295174189208,66,1,7,8,1,1,2,12,12,5,2
4,2,744.1519454248003,67,1,17,24,2,2,3,29,34,5,2
4,1,1134.5871660069097,68,1,19,21,1,1,3,32,32,5,2
4,2,960.385557577665,69,1,14,6,2,2,3,24,4,5,2
4,1,782.9301694157707,70,1,3,2,1,3,2,2,2,5,2
4,1,1190.7752462766286,71,4,108,106,1,3,1,25,25,5,2
4,2,1263.1329726228537,72,4,103,102,2,1,3,15,14,5,2
4,2,2234.6257157869054,73,4,109,98,2,1,2,28,7,5,2
4,1,1008.8737052016606,74,4,120,118,1,3,1,35,35,5,2
4,1,1392.2970367939267,75,4,97,110,2,1,2,7,28,5,2
4,2,1310.541254761837,76,4,101,96,2,2,3,14,6,5,2
4,1,1419.2758186897208,77,4,93,91,1,3,1,1,1,5,2
4,2,986.1762426811638,78,4,95,103,2,2,1,6,15,5,2
4,1,1130.1535391328282,79,4,113,112,1,2,1,30,30,5,2
4,1,917.0072558058382,80,4,115,117,1,1,3,31,31,5,2
5,2,1727.8800171534824,1,4,91,119,2,1,2,1,35,5,2
5,2,825.7057469038948,2,4,96,95,1,3,2,6,6,5,2
5,1,1775.4101658871782,3,4,109,111,1,1,3,28,28,5,2
5,1,669.9300408092473,4,4,98,99,1,2,3,7,7,5,2
5,2,1169.3646977736735,5,4,105,116,2,3,2,15,31,5,2
5,2,1815.16584325837,6,4,119,105,2,2,3,35,15,5,2
5,2,684.7365773445667,7,4,114,113,1,3,2,30,30,5,2
5,1,1035.2224982833877,8,4,106,92,2,1,2,25,1,5,2
5,1,950.8797029832339,9,4,115,107,2,1,2,31,25,5,2
5,1,1151.4612209654383,10,4,101,100,1,2,1,14,14,5,2
5,2,841.5919432838391,11,1,3,17,2,3,2,2,29,5,2
5,2,905.8894898218666,12,1,22,26,2,1,2,34,38,5,2
5,1,849.4205709140713,13,1,13,3,2,1,3,24,2,5,2
5,1,1246.010426226753,14,1,8,7,1,2,1,12,12,5,2
5,1,703.1589859754931,15,1,11,10,1,2,1,13,13,5,2
5,1,1089.3731464023404,16,1,21,19,1,3,1,32,32,5,2
5,2,808.0138357226051,17,1,29,30,1,2,3,40,40,5,2
5,2,778.5690335447716,18,1,16,24,2,1,3,29,34,5,2
5,1,749.1454783033091,19,1,4,5,1,1,2,4,4,5,2
5,2,1407.6291706416114,20,1,27,14,2,3,2,38,24,5,2
5,2,1213.178854923569,21,3,89,70,2,2,1,36,16,5,2
5,2,881.7756271119619,22,3,81,88,2,3,1,21,36,5,2
5,2,652.628480266618,23,3,64,87,2,1,3,9,23,5,2
5,2,852.7404372322233,24,3,71,66,2,2,3,16,9,5,2
5,1,734.5161209246736,25,3,68,69,1,2,3,10,10,5,2
5,1,1092.11794394333,26,3,61,62,1,1,2,3,3,5,2
5,1,901.8190528645055,27,3,78,76,1,3,1,19,19,5,2
5,1,1175.2204587135766,28,3,84,82,1,3,1,22,22,5,2
5,2,801.6496813185167,29,3,85,81,2,1,3,23,21,5,2
5,1,1082.3128332048339,30,3,73,75,1,1,3,18,18,5,2
5,2,1235.5030863061756,31,2,47,39,2,2,3,26,11,5,2
5,1,893.7802373444075,32,2,40,35,2,1,2,17,8,5,2
5,2,1051.5697816887284,33,2,39,32,2,3,2,11,5,5,2
5,1,957.4525029573641,34,2,58,59,1,1,2,39,39,5,2
5,2,913.7152028594928,35,2,56,57,1,2,3,37,37,5,2
5,2,1028.1611900753921,36,2,36,46,2,3,1,8,26,5,2
5,1,1178.39274783754,37,2,52,54,1,1,3,33,33,5,2
5,1,723.3518511697134,38,2,43,44,1,1,2,20,20,5,2
5,2,1017.884499800897,39,2,33,40,2,3,1,5,17,5,2
5,2,1219.5063971041861,40,2,50,49,1,2,1,27,27,5,2
5,1,1253.6064522158438,41,4,110,115,2,2,1,28,31,5,2
5,1,920.2899542497057,42,4,101,102,1,2,3,14,14,5,2
5,2,1061.3001903473967,43,4,94,108,2,1,3,6,25,5,2
5,1,1090.2065036083159,44,4,112,114,1,1,3,30,30,5,2
5,2,961.5206098541278,45,4,108,110,2,3,2,25,28,5,2
5,1,991.1574968448051,46,4,92,91,1,2,1,1,1,5,2
5,1,787.0907545578025,47,4,105,104,1,3,2,15,15,5,2
5,2,1184.8457606711213,48,4,120,94,2,3,1,35,6,5,2
5,2,890.9345304355277,49,4,115,120,2,1,3,31,35,5,2
5,1,969.1127259430735,50,4,97,98,1,1,2,7,7,5,2
5,2,773.2892341736916,51,2,42,43,2,3,1,17,20,5,2
5,1,1210.60779379323,52,2,46,47,1,1,2,26,26,5,2
5,2,1096.8272222821008,53,2,52,39,2,1,3,33,11,5,2
5,1,1253.0946835816158,54,2,38,49,2,2,1,11,27,5,2
5,2,1070.2447591528671,55,2,45,53,2,3,2,20,33,5,2
5,2,692.4926778147819,56,2,55,56,1,1,2,37,37,5,2
5,1,915.5951659303267,57,2,59,58,1,2,1,39,39,5,2
5,2,966.1653273671734,58,2,31,32,1,1,2,5,5,5,2
5,2,791.6286294756567,59,2,50,40,2,2,1,27,17,5,2
5,1,2264.5231412729668,60,2,36,34,1,3,1,8,8,5,2
5,1,689.4660850813001,61,1,11,12,1,2,3,13,13,5,2
5,1,958.7471396599155,62,1,13,15,1,1,3,24,24,5,2
5,2,691.3715784775333,63,1,18,2,2,3,2,29,2,5,2
5,1,839.3405803189319,64,1,29,6,2,2,3,40,4,5,2
5,2,887.4052090194057,65,1,5,16,2,2,1,4,29,5,2
5,2,1603.0932593474827,66,1,19,20,1,1,2,32,32,5,2
5,2,1031.9431025911754,67,1,24,28,2,3,1,34,40,5,2
5,1,860.3335780032969,68,1,27,26,1,3,2,38,38,5,2
5,2,722.8316248019703,69,1,1,23,2,1,2,2,34,5,2
5,1,840.7606996420161,70,1,7,8,1,1,2,12,12,5,2
5,1,1177.8556140441692,71,3,65,66,1,2,3,9,9,5,2
5,1,874.7110857955572,72,3,90,70,2,3,1,36,16,5,2
5,1,942.9397308018054,73,3,86,87,1,2,3,23,23,5,2
5,1,804.010603576904,74,3,81,62,2,3,2,21,3,5,2
5,2,770.0459098006922,75,3,71,81,2,2,3,16,21,5,2
5,2,782.8786990672033,76,3,63,77,2,3,2,3,19,5,2
5,2,807.8254566213134,77,3,76,89,2,1,2,19,36,5,2
5,1,1089.0790619929812,78,3,82,84,1,1,3,22,22,5,2
5,1,919.7063380885145,79,3,67,68,1,1,2,10,10,5,2
5,1,662.3737085356042,80,3,73,74,1,1,2,18,18,5,2
6,1,903.494942494762,1,2,38,37,1,2,1,11,11,5,2
6,2,1878.5795224932738,2,2,34,32,2,1,2,8,5,5,2
6,1,1018.7980828425232,3,2,52,35,2,1,2,33,8,5,2
6,1,987.8373052399952,4,2,59,60,1,2,3,39,39,5,2
6,1,764.2888758222557,5,2,55,57,1,1,3,37,37,5,2
6,2,738.7232962431558,6,2,45,47,2,3,2,20,26,5,2
6,2,876.7675903418019,7,2,46,45,2,1,3,26,20,5,2
6,1,755.6657726043613,8,2,42,40,1,3,1,17,17,5,2
6,1,1120.1930654528524,9,2,51,49,1,3,1,27,27,5,2
6,2,772.3683665754018,10,2,32,54,2,2,3,5,33,5,2
6,1,796.6494386725067,11,4,106,108,1,1,3,25,25,5,2
6,1,684.9994070254367,13,4,100,101,1,1,2,14,14,5,2
6,2,802.0948212959287,14,4,96,97,2,3,1,6,7,5,2
6,2,562.7634323107296,16,4,116,120,2,2,3,31,35,5,2
6,1,886.2779334699071,17,4,111,110,1,3,2,28,28,5,2
6,1,772.9980109047405,18,4,113,112,1,2,1,30,30,5,2
6,1,718.6721345924484,20,4,91,92,1,1,2,1,1,5,2
6,2,837.8100172591438,21,1,7,12,2,1,3,12,13,5,2
6,1,852.8595837753849,22,1,15,13,1,3,1,24,24,5,2
6,1,691.3356099267442,23,1,16,17,1,1,2,29,29,5,2
6,2,649.7172947468384,24,1,27,1,2,3,1,38,2,5,2
6,1,776.8200202464218,25,1,22,8,2,1,2,34,12,5,2
6,2,636.0417391857877,26,1,11,27,2,2,3,13,38,5,2
6,1,1065.4203839443912,27,1,29,28,1,2,1,40,40,5,2
6,2,671.8282824285462,28,1,3,22,2,3,1,2,34,5,2
6,1,999.1190884449732,29,1,19,21,1,1,3,32,32,5,2
6,1,814.4489743569563,30,1,5,6,1,2,3,4,4,5,2
6,1,933.1834836676973,31,3,72,71,1,3,2,16,16,5,2
6,2,843.9888403172075,32,3,79,87,2,1,3,21,23,5,2
6,2,969.1581292856446,33,3,74,63,2,2,3,18,3,5,2
6,2,647.3425316031064,34,3,83,81,2,2,3,22,21,5,2
6,1,736.3569710768617,35,3,64,66,1,1,3,9,9,5,2
6,1,706.1045164119549,36,3,67,69,1,1,3,10,10,5,2
6,1,643.2994221839393,37,3,88,89,1,1,2,36,36,5,2
6,1,648.5970607163052,38,3,78,76,1,3,1,19,19,5,2
6,2,834.8742273270525,39,3,62,75,2,2,3,3,18,5,2
6,2,668.2401035563919,40,3,87,83,2,3,2,23,22,5,2
6,1,640.3459120945186,41,1,17,18,1,2,3,29,29,5,2
6,2,964.3936364969626,42,1,1,29,2,1,2,2,40,5,2
6,1,660.5886303195521,43,1,6,5,1,3,2,4,4,5,2
6,1,583.147928805163,44,1,14,13,1,2,1,24,24,5,2
6,2,1154.7383110218852,45,1,27,2,2,3,2,38,2,5,2
6,2,1034.8382245486512,46,1,9,25,2,3,1,12,38,5,2
6,1,673.0042709177645,47,1,10,11,1,1,2,13,13,5,2
6,2,1031.6871964825275,48,1,28,21,2,1,3,40,32,5,2
6,2,946.8086990796179,49,1,19,8,2,1,2,32,12,5,2
6,1,664.2433458547575,50,1,23,24,1,2,3,34,34,5,2
6,2,988.5238544378042,51,4,118,98,2,1,2,35,7,5,2
6,1,945.4023646051253,52,4,109,111,1,1,3,28,28,5,2
6,2,991.3234328332912,53,4,107,118,2,2,1,25,35,5,2
6,1,1183.0994901530441,54,4,104,105,1,2,3,15,15,5,2
6,2,1231.346880441381,55,4,93,106,2,3,1,1,25,5,2
6,1,945.3876685234061,56,4,98,114,2,2,3,7,30,5,2
6,2,1217.6604213606583,57,4,114,91,2,3,1,30,1,5,2
6,1,742.7468966584013,58,4,102,100,1,3,1,14,14,5,2
6,1,1330.3679793661113,59,4,115,116,1,1,2,31,31,5,2
6,1,726.7032743898828,60,4,94,95,1,1,2,6,6,5,2
6,1,1277.3153211208778,61,2,38,39,1,2,3,11,11,5,2
6,2,724.7319816081764,62,2,48,32,2,3,2,26,5,5,2
6,1,768.6124749724445,63,2,34,35,1,1,2,8,8,5,2
6,2,1268.680135149068,64,2,60,49,2,3,1,39,27,5,2
6,1,1005.8407287410124,65,2,56,57,1,2,3,37,37,5,2
6,1,975.4369978440077,66,2,45,59,2,3,2,20,39,5,2
6,1,997.091897580967,67,2,40,42,1,1,3,17,17,5,2
6,1,1029.1129152209026,68,2,52,53,1,1,2,33,33,5,2
6,2,763.0612219381871,69,2,49,45,2,1,3,27,20,5,2
6,2,960.0952824544471,70,2,32,48,2,2,3,5,26,5,2
6,1,754.5346777337469,71,3,74,75,1,2,3,18,18,5,2
6,2,580.3093099281364,72,3,87,70,2,3,1,23,16,5,2
6,1,751.3966958198125,73,3,62,63,1,2,3,3,3,5,2
6,2,698.8390279351862,74,3,82,69,2,1,3,22,10,5,2
6,2,945.7217975030734,75,3,67,87,2,1,3,10,23,5,2
6,2,712.4452929973102,76,3,79,84,2,1,3,21,22,5,2
6,2,815.0998018017458,77,3,72,79,2,3,1,16,21,5,2
6,1,1327.6575955188791,78,3,88,89,1,1,2,36,36,5,2
6,1,1004.9055668010849,79,3,65,66,1,2,3,9,9,5,2
6,1,812.2940389583162,80,3,78,77,1,3,2,19,19,5,2
7,2,1062.7415493719484,1,4,112,92,2,1,2,30,1,5,2
7,2,1077.519781751982,2,4,98,102,2,2,3,7,14,5,2
7,1,2288.8307706931378,3,4,108,106,1,3,1,25,25,5,2
7,1,1390.0078420778286,4,4,120,118,1,3,1,35,35,5,2
7,1,1236.5856855527609,5,4,95,96,1,2,3,6,6,5,2
7,1,2392.601176678631,6,4,115,117,1,1,3,31,31,5,2
7,2,903.4704647293975,7,4,102,109,2,3,1,14,28,5,2
7,2,1371.380243893786,8,4,110,114,2,2,3,28,30,5,2
7,1,1184.1925934272574,9,4,103,104,1,1,2,15,15,5,2
7,1,1905.0324572411587,10,4,91,99,2,1,3,1,7,5,2
7,2,2239.8752603985617,11,1,30,2,2,3,2,40,2,5,2
7,2,1723.0292227613713,12,1,10,12,1,1,3,13,13,5,2
7,2,2477.7896687391935,13,1,13,8,2,1,2,24,12,5,2
7,1,1719.6997965572532,14,1,23,24,1,2,3,34,34,5,2
7,1,1792.1713059182855,15,1,17,18,1,2,3,29,29,5,2
7,2,762.5304380337586,16,1,8,4,2,2,1,12,4,5,2
7,1,1379.1475052007963,17,1,4,14,2,1,2,4,24,5,2
7,2,2187.2827338711495,18,1,3,29,2,3,2,2,40,5,2
7,2,1518.1043734327366,19,1,21,20,1,3,2,32,32,5,2
7,1,3438.469238901013,20,1,25,26,1,1,2,38,38,5,2
7,1,1382.4280816461899,21,2,31,32,1,1,2,5,5,5,2
7,1,1724.6551848521046,22,2,41,42,1,2,3,17,17,5,2
7,2,1697.4240191659446,23,2,60,52,2,3,1,39,33,5,2
7,1,1397.6175876934228,24,2,49,51,1,1,3,27,27,5,2
7,2,1338.8245998950174,25,2,53,57,2,2,3,33,37,5,2
7,2,2037.0181082567228,26,2,57,43,2,3,1,37,20,5,2
7,2,2044.2104222133048,27,2,46,59,2,1,2,26,39,5,2
7,2,855.117107184515,28,2,44,48,2,2,3,20,26,5,2
7,1,1348.9029547111095,29,2,34,36,1,1,3,8,8,5,2
7,1,1805.6255834087253,30,2,39,38,1,3,2,11,11,5,2
7,2,1687.1505702502075,31,3,90,68,2,3,2,36,10,5,2
7,1,1376.3270243254776,32,3,73,75,1,1,3,18,18,5,2
7,2,1068.4743322239099,33,3,62,78,2,2,3,3,19,5,2
7,1,1133.3295091558298,34,3,85,86,1,1,2,23,23,5,2
7,2,960.0615514578387,35,3,69,71,2,3,2,10,16,5,2
7,1,1400.0393070882847,36,3,76,63,2,1,3,19,3,5,2
7,1,976.4823497305099,38,3,80,79,1,2,1,21,21,5,2
7,1,1241.0612273145036,39,3,66,65,1,3,2,9,9,5,2
7,2,1721.5301024685707,43,4,112,110,2,1,2,30,28,5,2
7,2,1842.0340462737217,44,4,117,115,1,3,1,31,31,5,2
7,1,1892.1356772312497,45,4,97,98,1,1,2,7,7,5,2
7,2,799.0035622793029,46,4,106,93,2,1,3,25,1,5,2
7,2,1119.0851944226627,47,4,104,108,2,2,3,15,25,5,2
7,2,1145.4263869216377,48,4,96,95,1,3,2,6,6,5,2
7,1,1275.2865499917636,49,4,120,119,1,3,2,35,35,5,2
7,2,1111.3527879607218,52,2,41,42,1,2,3,17,17,5,2
7,1,962.6731601189658,53,2,46,47,1,1,2,26,26,5,2
7,1,920.9861948939305,54,2,32,33,1,2,3,5,5,5,2
7,2,1318.1348193649535,55,2,37,36,2,1,3,11,8,5,2
7,1,1810.640549068155,56,2,45,43,1,3,1,20,20,5,2
7,2,1546.6074915159606,57,2,52,59,2,1,2,33,39,5,2
7,1,1040.5684270982395,58,2,55,56,1,1,2,37,37,5,2
7,1,1443.1132331835538,59,2,60,53,2,3,2,39,33,5,2
7,2,2192.261090651433,60,2,35,49,2,2,1,8,27,5,2
7,2,1453.5665106040617,61,3,70,80,2,1,2,16,21,5,2
7,1,1336.0742622766234,62,3,86,87,1,2,3,23,23,5,2
7,2,1099.6780975804872,63,3,69,83,2,3,2,10,22,5,2
7,2,2365.4262561712435,64,3,81,70,2,3,1,21,16,5,2
7,1,869.1343412828392,65,3,66,65,1,3,2,9,9,5,2
7,1,1694.6846207262772,66,3,77,67,2,2,1,19,10,5,2
7,1,1683.270463400047,67,3,61,62,1,1,2,3,3,5,2
7,2,1152.752536829445,68,3,83,78,2,2,3,22,19,5,2
7,1,1929.5195510341089,69,3,73,75,1,1,3,18,18,5,2
7,1,859.1743346996957,70,3,88,90,1,1,3,36,36,5,2
7,1,981.8985190980998,71,1,6,4,1,3,1,4,4,5,2
7,1,1821.541972502361,72,1,10,12,1,1,3,13,13,5,2
7,1,1319.724589017041,73,1,7,9,1,1,3,12,12,5,2
7,2,1242.9798876441357,74,1,24,28,2,3,1,34,40,5,2
7,2,1203.2178837280755,75,1,16,27,2,1,3,29,38,5,2
7,2,1757.9119716217263,76,1,25,14,2,1,2,38,24,5,2
7,2,1630.519573067295,77,1,30,17,2,3,2,40,29,5,2
7,1,1286.214422063814,78,1,2,3,1,2,3,2,2,5,2
7,1,839.849420873818,80,1,14,22,2,2,1,24,34,5,2
8,2,904.6304568310546,1,2,46,39,2,1,3,26,11,5,2
8,1,895.9055234687994,2,2,58,60,1,1,3,39,39,5,2
8,1,964.3588573936079,3,2,33,32,1,3,2,5,5,5,2
8,1,1167.9379566604591,4,2,36,35,1,3,2,8,8,5,2
8,1,927.6823075318146,5,2,50,51,1,2,3,27,27,5,2
8,2,1536.4575089284317,6,2,52,45,2,1,3,33,20,5,2
8,1,1165.184082402958,7,2,55,57,1,1,3,37,37,5,2
8,2,1358.5421475750416,8,2,41,52,2,2,1,17,33,5,2
8,2,1557.134891237846,9,2,44,42,2,2,3,20,17,5,2
8,2,897.7756422476596,10,2,39,46,2,3,1,11,26,5,2
8,2,2026.0223129239214,11,1,25,20,2,1,2,38,32,5,2
8,2,860.9187259662483,12,1,19,27,2,1,3,32,38,5,2
8,2,1168.9305163313975,13,1,16,23,2,1,2,29,34,5,2
8,1,1348.0854153038292,14,1,15,14,1,3,2,24,24,5,2
8,2,1223.804704874503,15,1,30,17,2,3,2,40,29,5,2
8,2,862.4803631998217,16,1,23,30,2,2,3,34,40,5,2
8,1,1264.7294968075498,17,1,7,8,1,1,2,12,12,5,2
8,1,937.9048186883308,18,1,6,4,1,3,1,4,4,5,2
8,1,1057.6816690558112,19,1,2,1,1,2,1,2,2,5,2
8,1,1575.1390349848048,20,1,11,10,1,2,1,13,13,5,2
8,1,1973.4359938970433,21,4,94,95,1,1,2,6,6,5,2
8,1,1663.952868099249,22,4,108,107,1,3,2,25,25,5,2
8,2,1176.2982447262889,23,4,117,118,2,3,1,31,35,5,2
8,1,1106.1926636006397,24,4,104,103,1,2,1,15,15,5,2
8,1,1056.4650480102723,25,4,93,91,1,3,1,1,1,5,2
8,1,1783.4520392673403,26,4,100,111,2,1,3,14,28,5,2
8,1,983.9378343326237,27,4,97,99,1,1,3,7,7,5,2
8,2,1097.5849169049811,28,4,119,117,2,2,3,35,31,5,2
8,1,979.6632334885178,29,4,109,113,2,1,2,28,30,5,2
8,1,1097.712297491995,30,4,113,102,2,2,3,30,14,5,2
8,1,1087.587155809299,31,3,66,65,1,3,2,9,9,5,2
8,1,925.71047188128,32,3,85,89,2,1,2,23,36,5,2
8,1,1173.5919998448885,33,3,63,62,1,3,2,3,3,5,2
8,2,1423.1656263892364,34,3,83,72,2,2,3,22,16,5,2
8,1,1035.942434723045,35,3,73,74,1,1,2,18,18,5,2
8,1,847.1684087231617,36,3,80,79,1,2,1,21,21,5,2
8,1,1581.9950693278874,37,3,72,82,2,3,1,16,22,5,2
8,2,1253.126700542438,38,3,77,85,2,2,1,19,23,5,2
8,2,889.1869524375053,39,3,88,78,2,1,3,36,19,5,2
8,1,1139.9394148246377,40,3,67,69,1,1,3,10,10,5,2
8,1,772.1000893983772,41,1,20,19,1,2,1,32,32,5,2
8,1,911.9585594257442,42,1,29,28,1,2,1,40,40,5,2
8,2,989.4624782241611,43,1,13,24,2,1,3,24,34,5,2
8,2,1087.2794815095674,45,1,6,7,2,3,1,4,12,5,2
8,2,1211.175136721487,46,1,7,5,2,1,2,12,4,5,2
8,1,1315.080518086005,47,1,24,17,2,3,2,34,29,5,2
8,2,1083.815544806935,48,1,16,14,2,1,2,29,24,5,2
8,1,1068.7339868450485,49,1,3,1,1,3,1,2,2,5,2
8,1,1388.250184140405,50,1,10,12,1,1,3,13,13,5,2
8,2,1626.423505756654,51,2,34,47,2,1,2,8,26,5,2
8,2,983.7045398970906,52,2,44,52,2,2,1,20,33,5,2
8,2,976.1098477665225,53,2,31,45,2,1,3,5,20,5,2
8,2,1211.4535736150908,54,2,40,41,1,1,2,17,17,5,2
8,2,1230.0750821429679,55,2,53,34,2,2,1,33,8,5,2
8,1,1200.560788787137,56,2,57,56,1,3,2,37,37,5,2
8,1,695.081708329833,57,2,58,59,1,1,2,39,39,5,2
8,1,2426.8450903615994,58,2,38,39,1,2,3,11,11,5,2
8,2,1934.837588739299,59,2,48,31,2,3,1,26,5,5,2
8,1,818.0244270467142,60,2,51,49,1,3,1,27,27,5,2
8,1,1646.3334261638008,61,4,109,110,1,1,2,28,28,5,2
8,2,926.0622807571658,62,4,120,112,2,3,1,35,30,5,2
8,2,1442.8092294977214,63,4,107,102,2,2,3,25,14,5,2
8,1,1029.4583659706573,64,4,115,116,1,1,2,31,31,5,2
8,2,1565.6147974044852,65,4,112,92,2,1,2,30,1,5,2
8,1,1710.7710439111547,66,4,96,94,1,3,1,6,6,5,2
8,1,1300.0110681943636,67,4,104,105,1,2,3,15,15,5,2
8,1,1033.3952655863293,68,4,97,98,1,1,2,7,7,5,2
8,2,1042.9494393709815,69,4,93,107,2,3,2,1,25,5,2
8,2,1638.1596446488102,70,4,101,118,2,2,1,14,35,5,2
8,1,1723.2560338630105,71,3,85,86,1,1,2,23,23,5,2
8,2,1261.3555237451747,72,3,62,90,2,2,3,3,36,5,2
8,2,1371.8266682124809,73,3,66,76,2,3,1,9,19,5,2
8,1,1534.8363730757474,74,3,79,81,1,1,3,21,21,5,2
8,1,1134.7461184158415,75,3,90,64,2,3,1,36,9,5,2
8,2,1132.0016737521087,76,3,67,62,2,1,2,10,3,5,2
8,1,878.1104848129944,77,3,82,83,1,1,2,22,22,5,2
8,1,1085.263622190933,78,3,71,70,1,2,1,16,16,5,2
8,1,981.9310642824436,79,3,75,73,1,3,1,18,18,5,2
8,2,1180.9827551147114,80,3,77,67,2,2,1,19,10,5,2
9,2,867.8636199334119,1,1,11,30,2,2,3,13,40,5,2
9,2,1218.3211660965972,2,1,18,16,1,3,1,29,29,5,2
9,2,829.9125678539253,3,1,3,11,2,3,2,2,13,5,2
9,1,1368.7077929232394,4,1,28,27,2,1,3,40,38,5,2
9,2,950.2109044065799,5,1,25,21,2,1,3,38,32,5,2
9,1,1705.0958480263296,6,1,4,5,1,1,2,4,4,5,2
9,2,1337.8961462353732,7,1,23,22,1,2,1,34,34,5,2
9,1,977.8926562665147,8,1,13,15,1,1,3,24,24,5,2
9,2,1590.4729108190593,9,1,21,2,2,3,2,32,2,5,2
9,1,1232.2445377729177,10,1,8,7,1,2,1,12,12,5,2
9,1,757.2388526677964,11,3,86,87,1,2,3,23,23,5,2
9,1,672.3172188653646,12,3,70,62,2,1,2,16,3,5,2
9,1,942.6510257821038,13,3,64,65,1,1,2,9,9,5,2
9,1,692.8035342784622,14,3,84,82,1,3,1,22,22,5,2
9,1,1028.876477833239,15,3,88,90,1,1,3,36,36,5,2
9,1,839.3509036330706,16,3,77,78,1,2,3,19,19,5,2
9,2,563.6976551203843,17,3,63,73,2,3,1,3,18,5,2
9,2,856.1364938571411,18,3,75,67,2,3,1,18,10,5,2
9,2,1149.5403359430256,19,3,80,70,2,2,1,21,16,5,2
9,2,747.8864367432249,20,3,67,81,2,1,3,10,21,5,2
9,1,940.7099287767826,21,1,27,26,1,3,2,38,38,5,2
9,2,1252.482773325051,22,1,4,5,1,1,2,4,4,5,2
9,1,1096.9963220502927,23,1,23,22,1,2,1,34,34,5,2
9,2,717.8047076868531,24,1,7,17,2,1,2,12,29,5,2
9,2,797.8538621606101,25,1,10,14,2,1,2,13,24,5,2
9,2,842.9227327736962,26,1,21,7,2,3,1,32,12,5,2
9,2,712.3180641237095,27,1,14,10,2,2,1,24,13,5,2
9,2,967.9834180431998,28,1,18,19,2,3,1,29,32,5,2
9,1,939.1188397130353,29,1,2,1,1,2,1,2,2,5,2
9,1,782.7372232950166,30,1,28,29,1,1,2,40,40,5,2
9,2,809.6580808996865,31,4,97,114,2,1,3,7,30,5,2
9,1,704.9173639209455,32,4,119,118,1,2,1,35,35,5,2
9,1,1216.2913839241514,33,4,92,96,2,2,3,1,6,5,2
9,2,921.6878519525748,34,4,112,98,2,1,2,30,7,5,2
9,1,796.9840698246825,35,4,101,102,1,2,3,14,14,5,2
9,1,803.2273499107368,36,4,115,117,1,1,3,31,31,5,2
9,2,860.5745361502226,37,4,96,104,2,3,2,6,15,5,2
9,1,722.6077782400358,38,4,111,109,1,3,1,28,28,5,2
9,2,780.3639997552763,39,4,108,107,1,3,2,25,25,5,2
9,2,705.170142364187,40,4,103,93,2,1,3,15,1,5,2
9,2,1387.4753927878023,41,2,52,33,2,1,3,33,5,5,2
9,2,895.1274840911483,42,2,57,52,2,3,1,37,33,5,2
9,1,857.2599548647431,43,2,58,56,2,1,2,39,37,5,2
9,1,721.773491107741,44,2,40,42,1,1,3,17,17,5,2
9,1,1305.5859106226962,45,2,45,43,1,3,1,20,20,5,2
9,2,1489.8441318686591,46,2,32,46,2,2,1,5,26,5,2
9,1,934.1985615532229,48,2,39,38,1,3,2,11,11,5,2
9,2,795.3010030571855,49,2,47,60,2,2,3,26,39,5,2
9,1,945.5568729663867,50,2,50,49,1,2,1,27,27,5,2
9,1,663.1482200266005,51,3,84,83,1,3,2,22,22,5,2
9,1,796.8140649741233,53,3,70,72,1,1,3,16,16,5,2
9,2,822.0745298332066,54,3,74,69,2,2,3,18,10,5,2
9,2,831.5914402927365,55,3,67,80,2,1,2,10,21,5,2
9,2,1011.9570731429844,56,3,78,88,2,3,1,19,36,5,2
9,1,872.3737908782938,57,3,64,65,1,1,2,9,9,5,2
9,1,1083.4309795134195,58,3,80,76,2,2,1,21,19,5,2
9,1,901.4848769455009,59,3,87,86,1,3,2,23,23,5,2
9,2,600.518196961515,60,3,88,74,2,1,2,36,18,5,2
9,2,1258.2927780353598,61,2,37,51,2,1,3,11,27,5,2
9,1,719.540472287425,62,2,44,45,1,2,3,20,20,5,2
9,2,678.2111312242512,63,2,46,36,2,1,3,26,8,5,2
9,1,833.3538378484129,64,2,58,60,1,1,3,39,39,5,2
9,2,672.9650771752267,65,2,35,48,2,2,3,8,26,5,2
9,2,989.154253878869,66,2,51,55,2,3,1,27,37,5,2
9,2,843.0042533966679,68,2,57,37,2,3,1,37,11,5,2
9,1,523.0633486982857,69,2,42,41,1,3,2,17,17,5,2
9,1,644.9771649139135,70,2,52,54,1,1,3,33,33,5,2
9,1,709.7459492798234,72,4,91,93,1,1,3,1,1,5,2
9,2,1024.6492708177186,73,4,100,95,2,1,2,14,6,5,2
9,2,784.9391539733065,74,4,119,114,2,2,3,35,30,5,2
9,2,883.6357764519244,75,4,112,110,2,1,2,30,28,5,2
9,1,909.1630353159406,76,4,103,105,1,1,3,15,15,5,2
9,2,959.0386554214379,77,4,110,102,2,2,3,28,14,5,2
9,2,1211.1006961490907,78,4,99,98,1,3,2,7,7,5,2
9,2,1618.7282794677205,79,4,116,115,1,2,1,31,31,5,2
9,1,989.6160062489771,80,4,108,106,1,3,1,25,25,5,2
10,1,888.8691068828055,1,3,87,85,1,3,1,23,23,5,2
10,2,952.0510768081159,2,3,81,68,2,3,2,21,10,5,2
10,1,1088.8336821282367,3,3,88,89,1,1,2,36,36,5,2
10,2,867.4719951538705,4,3,64,81,2,1,3,9,21,5,2
10,2,994.4823039043926,5,3,71,61,2,2,1,16,3,5,2
10,2,1092.4225738466862,6,3,61,66,2,1,3,3,9,5,2
10,1,796.8197155809211,7,3,76,78,1,1,3,19,19,5,2
10,1,1014.6826224315273,8,3,84,83,1,3,2,22,22,5,2
10,2,1792.3857423930108,9,3,68,72,2,2,3,10,16,5,2
10,1,1334.6761660794955,10,3,74,73,1,2,1,18,18,5,2
10,2,1741.4711191637834,11,2,60,47,2,3,2,39,26,5,2
10,1,650.1198878148614,12,2,53,52,1,2,1,33,33,5,2
10,2,1075.008910716087,13,2,47,49,2,2,1,26,27,5,2
10,2,842.5419191854066,14,2,45,55,2,3,1,20,37,5,2
10,1,656.884309959933,15,2,39,38,1,3,2,11,11,5,2
10,1,1272.259808204948,16,2,34,36,1,1,3,8,8,5,2
10,2,1453.9180907209193,17,2,55,60,2,1,3,37,39,5,2
10,2,1111.7617229996242,18,2,50,43,2,2,1,27,20,5,2
10,2,1306.2889599512705,19,2,40,42,1,1,3,17,17,5,2
10,1,677.2391586324886,20,2,31,32,1,1,2,5,5,5,2
10,1,1108.0134162399495,21,4,119,120,1,2,3,35,35,5,2
10,1,2038.7048115489451,22,4,93,100,2,3,1,1,14,5,2
10,2,734.694292012083,23,4,106,95,2,1,2,25,6,5,2
10,1,762.5231818056768,24,4,115,117,1,1,3,31,31,5,2
10,1,1103.6894599916275,25,4,111,109,1,3,1,28,28,5,2
10,2,1090.146777325886,26,4,104,93,2,2,3,15,1,5,2
10,1,786.8689940395245,27,4,97,99,1,1,3,7,7,5,2
10,1,1340.5583660560205,28,4,114,112,1,3,1,30,30,5,2
10,2,978.1135665121592,29,4,101,103,2,2,1,14,15,5,2
10,2,744.4733153912975,30,4,94,107,2,1,2,6,25,5,2
10,2,1020.5323804218049,31,2,46,47,1,1,2,26,26,5,2
10,2,1064.3800264142558,32,2,52,33,2,1,3,33,5,5,2
10,2,1494.4038177038947,33,2,57,53,2,3,2,37,33,5,2
10,1,1092.614372961877,34,2,40,42,1,1,3,17,17,5,2
10,1,1580.6433872271325,35,2,58,60,1,1,3,39,39,5,2
10,2,1045.4660801115142,36,2,35,39,2,2,3,8,11,5,2
10,1,1061.5238851799108,37,2,50,49,1,2,1,27,27,5,2
10,2,1571.150419790246,38,2,39,34,2,3,1,11,8,5,2
10,2,560.0869449431455,39,2,33,56,2,3,2,5,37,5,2
10,1,848.7980945480713,40,2,44,43,1,2,1,20,20,5,2
10,1,946.5699630797897,41,3,62,63,1,2,3,3,3,5,2
10,2,886.115014731522,42,3,76,78,1,1,3,19,19,5,2
10,1,840.748370224655,43,3,82,83,1,1,2,22,22,5,2
10,2,985.925381068605,44,3,89,69,2,2,3,36,10,5,2
10,2,799.8493642743863,45,3,66,74,2,3,2,9,18,5,2
10,2,800.4437495619948,46,3,67,90,2,1,3,10,36,5,2
10,2,1146.6985196655887,47,3,73,71,2,1,2,18,16,5,2
10,2,866.6083289102282,48,3,71,66,2,2,3,16,9,5,2
10,1,1274.1429400135426,49,3,81,80,1,3,2,21,21,5,2
10,1,1160.6529314766892,50,3,87,86,1,3,2,23,23,5,2
10,1,1423.5594062309603,51,1,5,6,1,2,3,4,4,5,2
10,1,1052.9361393400027,52,1,30,29,1,3,2,40,40,5,2
10,1,920.5205035559122,53,1,25,26,1,1,2,38,38,5,2
10,1,1243.2204025832023,54,1,14,15,1,2,3,24,24,5,2
10,1,890.8630408269464,55,1,21,10,2,3,1,32,13,5,2
10,1,1195.509292119296,56,1,17,21,2,2,3,29,32,5,2
10,2,895.7621865960825,57,1,12,7,2,3,1,13,12,5,2
10,1,869.6149386301454,58,1,22,23,1,1,2,34,34,5,2
10,2,783.9220772010236,59,1,7,2,2,1,2,12,2,5,2
10,2,1197.1477273857247,60,1,1,18,2,1,3,2,29,5,2
10,1,1370.831199110523,61,4,106,108,1,1,3,25,25,5,2
10,1,1088.725305729372,62,4,101,100,1,2,1,14,14,5,2
10,2,754.7624793000584,63,4,94,117,2,1,3,6,31,5,2
10,2,1716.4080999957637,64,4,109,96,2,1,3,28,6,5,2
10,2,1693.8116607410764,65,4,99,103,2,3,1,7,15,5,2
10,1,1426.9964168331394,66,4,120,118,1,3,1,35,35,5,2
10,1,1036.3685329545283,67,4,92,91,1,2,1,1,1,5,2
10,1,948.8366151334942,68,4,113,114,1,2,3,30,30,5,2
10,2,952.0858189937219,69,4,117,110,2,3,2,31,28,5,2
10,2,811.377332283497,70,4,103,98,2,1,2,15,7,5,2
10,2,1016.3752783554672,71,1,23,13,2,2,1,34,24,5,2
10,2,959.3035957362913,72,1,8,9,1,2,3,12,12,5,2
10,2,900.1861239068066,73,1,13,2,2,1,2,24,2,5,2
10,1,1096.9587974213298,74,1,21,19,1,3,1,32,32,5,2
10,2,686.6787885300465,75,1,30,5,2,3,2,40,4,5,2
10,2,836.6516128629441,76,1,16,17,1,1,2,29,29,5,2
10,2,557.9452162847315,77,1,25,26,1,1,2,38,38,5,2
10,1,1174.86604620385,78,1,10,12,1,1,3,13,13,5,2
10,1,795.6419336423767,79,1,5,28,2,2,1,4,40,5,2
10,2,1013.54248542855,80,1,3,22,2,3,1,2,34,5,2
11,1,1194.1592344177561,1,4,110,118,2,2,1,28,35,5,2
11,1,977.2631706232123,2,4,116,115,1,2,1,31,31,5,2
11,2,1091.1939275645134,3,4,95,109,2,2,1,6,28,5,2
11,1,906.3144684898416,4,4,105,104,1,3,2,15,15,5,2
11,2,795.5533049336118,5,4,112,95,2,1,2,30,6,5,2
11,1,1180.1070855995572,6,4,97,98,1,1,2,7,7,5,2
11,1,835.8265035034296,7,4,108,112,2,3,1,25,30,5,2
11,1,938.1282815645129,8,4,118,108,2,1,3,35,25,5,2
11,1,989.9872173173784,9,4,102,101,1,3,2,14,14,5,2
11,1,788.2979977319021,10,4,91,92,1,1,2,1,1,5,2
11,2,1161.5755561410208,11,2,47,48,1,2,3,26,26,5,2
11,1,1026.0721835460133,12,2,54,53,1,3,2,33,33,5,2
11,2,1474.7195496027223,13,2,56,36,2,2,3,37,8,5,2
11,1,2097.0180039697852,14,2,33,32,1,3,2,5,5,5,2
11,2,890.5727958808754,15,2,37,51,2,1,3,11,27,5,2
11,2,1268.4520097862037,16,2,45,38,2,3,2,20,11,5,2
11,1,979.3249553751796,17,2,58,59,1,1,2,39,39,5,2
11,2,1045.2621167703298,18,2,34,57,2,1,3,8,37,5,2
11,2,1018.7292260285947,19,2,49,45,2,1,3,27,20,5,2
11,1,1208.0200123659436,20,2,41,42,1,2,3,17,17,5,2
11,2,2597.419715853205,21,1,29,18,2,2,3,40,29,5,2
11,1,1371.7517981038795,22,1,22,24,1,1,3,34,34,5,2
11,2,860.5255302022974,23,1,16,5,2,1,2,29,4,5,2
11,2,927.9023975928919,24,1,14,19,2,2,1,24,32,5,2
11,2,1048.9284808351654,25,1,19,29,2,1,2,32,40,5,2
11,1,1428.0300252898733,26,1,3,2,1,3,2,2,2,5,2
11,2,1349.191993526752,27,1,5,13,2,2,1,4,24,5,2
11,1,904.4945352670309,28,1,12,11,1,3,2,13,13,5,2
11,1,1013.318933550367,29,1,7,8,1,1,2,12,12,5,2
11,1,1306.0125252447701,30,1,27,25,1,3,1,38,38,5,2
11,2,1308.434183250814,31,3,78,86,2,3,2,19,23,5,2
11,1,1273.445796662906,32,3,65,64,1,2,1,9,9,5,2
11,2,1230.1815360257488,33,3,85,74,2,1,2,23,18,5,2
11,2,993.6412116150411,34,3,70,83,2,1,2,16,22,5,2
11,1,1678.1632050263574,35,3,61,62,1,1,2,3,3,5,2
11,2,772.0721006247618,36,3,75,76,2,3,1,18,19,5,2
11,1,1040.2730600578002,37,3,67,69,1,1,3,10,10,5,2
11,1,1351.7959420897223,38,3,80,81,1,2,3,21,21,5,2
11,1,1118.0824961149965,39,3,90,89,1,3,2,36,36,5,2
11,2,612.7812612515133,40,3,83,72,2,2,3,22,16,5,2
11,2,765.7508149648351,41,4,114,94,2,3,1,30,6,5,2
11,1,1434.0080606917793,42,4,103,105,1,1,3,15,15,5,2
11,2,1383.2293611379243,43,4,101,99,2,2,3,14,7,5,2
11,1,1150.2441159494915,44,4,118,119,1,1,2,35,35,5,2
11,1,1162.1479506644318,45,4,91,93,1,1,3,1,1,5,2
11,1,863.2608503001175,46,4,109,110,1,1,2,28,28,5,2
11,2,1024.2179653587998,47,4,95,102,2,2,3,6,14,5,2
11,2,1051.9045519107967,48,4,99,115,2,3,1,7,31,5,2
11,2,1801.3088412885988,49,4,116,112,2,2,1,31,30,5,2
11,1,909.6948168658595,50,4,108,106,1,3,1,25,25,5,2
11,2,1098.0588713777934,51,1,15,28,2,3,1,24,40,5,2
11,1,1210.207659931398,52,1,29,10,2,2,1,40,13,5,2
11,2,1691.8828350240287,53,1,10,3,2,1,3,13,2,5,2
11,2,910.8064490085376,54,1,22,14,2,1,2,34,24,5,2
11,1,2630.8327405991245,55,1,25,26,1,1,2,38,38,5,2
11,1,1032.1965541422371,56,1,17,16,1,2,1,29,29,5,2
11,1,1165.9926119571282,57,1,9,8,1,3,2,12,12,5,2
11,1,968.5495959015248,58,1,4,5,1,1,2,4,4,5,2
11,2,938.3427711485874,59,1,20,19,1,2,1,32,32,5,2
11,1,928.7954963167763,60,1,3,23,2,3,2,2,34,5,2
11,1,1233.948944224871,61,3,65,66,1,2,3,9,9,5,2
11,2,1592.7053101709653,62,3,69,88,2,3,1,10,36,5,2
11,1,1022.2611364137234,63,3,85,86,1,1,2,23,23,5,2
11,2,950.135410014906,64,3,90,68,2,3,2,36,10,5,2
11,2,677.1964535979203,65,3,74,73,1,2,1,18,18,5,2
11,2,842.2394329055489,66,3,61,77,2,1,2,3,19,5,2
11,1,733.8286936245167,67,3,84,82,1,3,1,22,22,5,2
11,2,1212.240906298246,68,3,77,72,2,2,3,19,16,5,2
11,1,916.2396177376859,69,3,79,80,1,1,2,21,21,5,2
11,2,938.5651364474693,70,3,70,62,2,1,2,16,3,5,2
11,2,1218.938130611,71,2,47,46,1,2,1,26,26,5,2
11,2,2055.874793067232,72,2,56,55,1,2,1,37,37,5,2
11,1,1430.3235387233492,73,2,37,39,1,1,3,11,11,5,2
11,2,741.0136261649592,74,2,42,50,2,3,2,17,27,5,2
11,2,1407.1409699410842,75,2,53,34,2,2,1,33,8,5,2
11,2,1002.2281657806268,76,2,34,33,2,1,3,8,5,5,2
11,1,1126.2769659190722,77,2,60,58,1,3,1,39,39,5,2
11,1,939.9797930866182,78,2,43,45,1,1,3,20,20,5,2
11,2,1371.425664597785,79,2,51,41,2,3,2,27,17,5,2
11,2,1314.6776233916316,80,2,31,53,2,1,2,5,33,5,2
12,1,3043.8365680940333,1,4,103,104,1,1,2,15,15,5,2
12,1,1236.0157014886247,2,4,98,97,1,2,1,7,7,5,2
12,2,1026.4856226463332,3,4,120,116,2,3,2,35,31,5,2
12,2,749.6114501139105,4,4,102,119,2,3,2,14,35,5,2
12,1,916.7252355988225,5,4,108,107,1,3,2,25,25,5,2
12,2,891.5096572397979,6,4,95,94,1,2,1,6,6,5,2
12,1,991.3733012726202,7,4,113,100,2,2,1,30,14,5,2
12,2,942.3375082011632,8,4,109,114,2,1,3,28,30,5,2
12,2,766.1546440143145,9,4,115,110,2,1,2,31,28,5,2
12,1,1013.5510563473481,10,4,91,92,1,1,2,1,1,5,2
12,1,962.9069213115496,11,2,46,48,1,1,3,26,26,5,2
12,2,977.42418981642,12,2,38,49,2,2,1,11,27,5,2
12,2,983.0586308177963,13,2,49,41,2,1,2,27,17,5,2
12,1,1462.834211351128,14,2,59,60,1,2,3,39,39,5,2
12,1,742.8716262362078,15,2,53,54,1,2,3,33,33,5,2
12,1,705.112078759877,16,2,34,36,1,1,3,8,8,5,2
12,1,1586.9597898648462,17,2,43,44,1,1,2,20,20,5,2
12,1,1224.3768272095592,18,2,57,31,2,3,1,37,5,5,2
12,2,1265.0927172262157,19,2,33,37,2,3,1,5,11,5,2
12,2,1172.9573378151445,20,2,42,56,2,3,2,17,37,5,2
12,1,692.5208334524476,21,1,5,6,1,2,3,4,4,5,2
12,1,739.7577411682541,22,1,19,29,2,1,2,32,40,5,2
12,1,730.1882449316957,24,1,1,3,1,1,3,2,2,5,2
12,1,1004.3886666269391,25,1,18,16,1,3,1,29,29,5,2
12,2,1213.0681691508898,26,1,12,19,2,3,1,13,32,5,2
12,1,879.4467709128548,27,1,24,23,1,3,2,34,34,5,2
12,2,1169.763014596723,28,1,25,27,1,1,3,38,38,5,2
12,2,1067.9676682771749,29,1,29,7,2,2,1,40,12,5,2
12,2,667.2892687736656,30,1,13,11,2,1,2,24,13,5,2
12,2,889.3479910492107,31,3,76,83,2,1,2,19,22,5,2
12,1,1060.174105429292,32,3,81,79,1,3,1,21,21,5,2
12,2,683.6003341015662,33,3,82,78,2,1,3,22,19,5,2
12,1,932.1070203374728,34,3,64,66,1,1,3,9,9,5,2
12,1,1269.1332267060939,35,3,63,61,1,3,1,3,3,5,2
12,1,932.4219058002698,36,3,90,86,2,3,2,36,23,5,2
12,1,903.4447598233504,37,3,71,70,1,2,1,16,16,5,2
12,2,853.8504005554755,38,3,68,88,2,2,1,10,36,5,2
12,1,997.1048733846737,39,3,73,75,1,1,3,18,18,5,2
12,2,714.4336230400532,40,3,86,67,2,2,1,23,10,5,2
12,2,1093.6105477188735,41,1,24,13,2,3,1,34,24,5,2
12,1,1072.4074319958572,42,1,25,27,1,1,3,38,38,5,2
12,1,1120.5087037644778,43,1,19,20,1,1,2,32,32,5,2
12,1,826.5004915292562,44,1,7,8,1,1,2,12,12,5,2
12,1,805.3185391400011,45,1,30,28,1,3,1,40,40,5,2
12,2,785.9542350236756,46,1,11,16,2,2,1,13,29,5,2
12,2,879.7490830769494,47,1,14,4,2,2,1,24,4,5,2
12,1,853.9602829853902,48,1,18,22,2,3,1,29,34,5,2
12,2,1041.5559161348333,49,1,4,11,2,1,2,4,13,5,2
12,1,821.1197693430402,50,1,2,3,1,2,3,2,2,5,2
12,1,689.9602946117993,51,3,74,75,1,2,3,18,18,5,2
12,1,759.7052568261497,52,3,80,79,1,2,1,21,21,5,2
12,2,1162.0107380111606,53,3,64,87,2,1,3,9,23,5,2
12,1,1018.6148850026373,54,3,87,89,2,3,2,23,36,5,2
12,1,877.9633018847785,55,3,83,84,1,2,3,22,22,5,2
12,1,1034.7262342300864,56,3,72,71,1,3,2,16,16,5,2
12,1,866.8767650753246,57,3,88,65,2,1,2,36,9,5,2
12,2,877.2835288570452,58,3,67,63,2,1,3,10,3,5,2
12,2,914.5964353131612,59,3,61,68,2,1,2,3,10,5,2
12,1,878.4301622662198,60,3,78,77,1,3,2,19,19,5,2
12,1,890.1781112829897,61,4,99,98,1,3,2,7,7,5,2
12,1,739.2538809981152,62,4,108,107,1,3,2,25,25,5,2
12,1,758.8902450094569,63,4,95,94,1,2,1,6,6,5,2
12,2,1035.905842479137,64,4,92,114,2,2,3,1,30,5,2
12,2,1246.5157082836242,65,4,103,117,2,1,3,15,31,5,2
12,1,916.1396437655792,67,4,120,119,1,3,2,35,35,5,2
12,2,819.8393998687939,68,4,100,104,2,1,2,14,15,5,2
12,2,994.144363118343,69,4,116,102,2,2,3,31,14,5,2
12,2,1355.732928297663,70,4,112,93,2,1,3,30,1,5,2
12,2,1167.6948324891357,71,2,57,47,2,3,2,37,26,5,2
12,2,1267.4485258739537,72,2,47,60,2,2,3,26,39,5,2
12,1,991.2530131390963,73,2,53,54,1,2,3,33,33,5,2
12,2,1284.2453831462808,74,2,58,36,2,1,3,39,8,5,2
12,1,947.1286427018,75,2,40,41,1,1,2,17,17,5,2
12,1,922.782975187042,76,2,51,50,1,3,2,27,27,5,2
12,2,755.0671901664605,77,2,33,55,2,3,1,5,37,5,2
12,2,707.0971939409704,78,2,34,32,2,1,2,8,5,5,2
12,1,1875.205080886154,79,2,43,44,1,1,2,20,20,5,2
12,1,1122.6734418271117,80,2,38,37,1,2,1,11,11,5,2
13,1,997.9397192394366,1,1,11,12,1,2,3,13,13,5,2
13,2,762.0116769558158,2,1,27,1,2,3,1,38,2,5,2
13,2,954.136338863525,3,1,2,7,2,2,1,2,12,5,2
13,2,1095.383264961619,4,1,20,25,2,2,1,32,38,5,2
13,2,1255.762255742578,5,1,6,5,1,3,2,4,4,5,2
13,1,860.3976124191954,6,1,16,18,1,1,3,29,29,5,2
13,1,730.9495260760019,7,1,22,23,1,1,2,34,34,5,2
13,2,999.9711200085171,8,1,7,15,2,1,3,12,24,5,2
13,2,913.8215884708111,9,1,15,19,2,3,1,24,32,5,2
13,1,906.461909004852,10,1,28,29,1,1,2,40,40,5,2
13,1,879.3283374592555,11,4,111,109,1,3,1,28,28,5,2
13,1,1722.286010163084,12,4,97,101,2,1,2,7,14,5,2
13,1,791.6836574392769,13,4,103,105,1,1,3,15,15,5,2
13,1,1565.8774818412787,14,4,117,115,1,3,1,31,31,5,2
13,2,1183.9138452600114,15,4,101,120,2,2,3,14,35,5,2
13,1,1847.3581442359005,16,4,91,92,1,1,2,1,1,5,2
13,1,1262.846793730836,17,4,107,96,2,2,3,25,6,5,2
13,2,740.0454857455527,18,4,95,99,2,2,3,6,7,5,2
13,1,1310.64637891846,19,4,118,107,2,1,2,35,25,5,2
13,1,948.3087505100816,20,4,114,113,1,3,2,30,30,5,2
13,2,1057.3815512924455,21,3,69,64,2,3,1,10,9,5,2
13,1,1160.2226556004678,22,3,64,81,2,1,3,9,21,5,2
13,2,987.3965064413101,23,3,73,62,2,1,2,18,3,5,2
13,2,1002.0680362598043,24,3,89,88,1,2,1,36,36,5,2
13,1,718.3678078615706,25,3,78,77,1,3,2,19,19,5,2
13,1,1080.6483780896178,26,3,71,70,1,2,1,16,16,5,2
13,1,823.5025961368965,27,3,79,69,2,1,3,21,10,5,2
13,1,976.703820251862,28,3,61,74,2,1,2,3,18,5,2
13,1,1232.3113696450487,29,3,84,82,1,3,1,22,22,5,2
13,1,1208.3469781693236,30,3,86,87,1,2,3,23,23,5,2
13,1,1003.8222499997567,31,4,107,108,1,2,3,25,25,5,2
13,2,1077.4228016346456,32,4,114,116,2,3,2,30,31,5,2
13,1,774.942801938239,33,4,103,104,1,1,2,15,15,5,2
13,2,1861.0016293522049,34,4,119,93,2,2,3,35,1,5,2
13,1,1329.4583802446336,35,4,97,99,1,1,3,7,7,5,2
13,2,796.8126304145744,36,4,100,119,2,1,2,14,35,5,2
13,2,757.5882571082745,37,4,93,100,2,3,1,1,14,5,2
13,2,1272.5052636242092,38,4,116,114,2,2,3,31,30,5,2
13,1,858.6829325073522,39,4,96,95,1,3,2,6,6,5,2
13,1,1219.3431426983502,40,4,109,110,1,1,2,28,28,5,2
13,2,1063.8224957220364,41,2,31,48,2,1,3,5,26,5,2
13,1,1097.094325723094,42,2,35,34,1,2,1,8,8,5,2
13,2,872.3992282104693,43,2,40,60,2,1,3,17,39,5,2
13,2,1181.7162623296142,44,2,37,38,1,1,2,11,11,5,2
13,2,810.6406352127742,45,2,44,40,2,2,1,20,17,5,2
13,2,1312.6243430879813,46,2,48,43,2,3,1,26,20,5,2
13,1,1091.625790045227,47,2,51,49,1,3,1,27,27,5,2
13,1,874.2387902561813,48,2,54,53,1,3,2,33,33,5,2
13,2,956.2924477765885,49,2,59,31,2,2,1,39,5,5,2
13,1,1079.0717370561492,50,2,55,57,1,1,3,37,37,5,2
13,2,758.6260764801291,51,3,79,80,1,1,2,21,21,5,2
13,1,1039.9061415839165,52,3,68,69,1,2,3,10,10,5,2
13,2,711.6485580941946,53,3,63,88,2,3,1,3,36,5,2
13,2,1012.103088752363,54,3,73,72,2,1,3,18,16,5,2
13,2,842.2277188592819,55,3,64,62,2,1,2,9,3,5,2
13,1,1097.4269076949963,56,3,87,85,1,3,1,23,23,5,2
13,1,955.1752304140823,57,3,89,73,2,2,1,36,18,5,2
13,1,1146.7484268256057,58,3,77,78,1,2,3,19,19,5,2
13,1,683.3457542826345,59,3,82,84,1,1,3,22,22,5,2
13,1,1139.33322128473,60,3,72,64,2,3,1,16,9,5,2
13,2,763.6248818568821,61,2,45,31,2,3,1,20,5,5,2
13,1,999.8084199284456,62,2,47,48,1,2,3,26,26,5,2
13,2,815.5293171461885,63,2,49,51,1,1,3,27,27,5,2
13,1,1779.0815985549443,64,2,55,57,1,1,3,37,37,5,2
13,2,869.7268866480301,65,2,58,44,2,1,2,39,20,5,2
13,1,1023.6338033901161,66,2,40,41,1,1,2,17,17,5,2
13,2,1341.1625968911521,67,2,38,52,2,2,1,11,33,5,2
13,1,877.0205186520744,68,2,33,38,2,3,2,5,11,5,2
13,1,1118.5981314992464,69,2,36,34,1,3,1,8,8,5,2
13,2,1440.4930152321324,70,2,53,58,2,2,1,33,39,5,2
13,1,1077.5649444816786,71,1,16,17,1,1,2,29,29,5,2
13,2,789.7963190096685,72,1,1,6,2,1,3,2,4,5,2
13,1,751.9330028074929,73,1,5,3,2,2,3,4,2,5,2
13,1,1294.9235920421306,74,1,21,20,1,3,2,32,32,5,2
13,2,1046.5388506320573,75,1,22,23,1,1,2,34,34,5,2
13,1,1193.6930121483445,76,1,15,13,1,3,1,24,24,5,2
13,1,1107.5938474764923,77,1,26,27,1,2,3,38,38,5,2
13,2,985.0143542248073,78,1,30,8,2,3,2,40,12,5,2
13,2,826.8010191356148,79,1,8,12,2,2,3,12,13,5,2
13,2,838.3704006193566,80,1,10,30,2,1,3,13,40,5,2
14,2,1850.8950673711524,1,4,100,120,2,1,3,14,35,5,2
14,1,825.4207880347114,2,4,112,114,1,1,3,30,30,5,2
14,1,855.2736169668419,3,4,96,95,1,3,2,6,6,5,2
14,1,632.8460614897704,4,4,91,93,1,1,3,1,1,5,2
14,2,1091.5454982662181,5,4,97,111,2,1,3,7,28,5,2
14,2,1127.7979354513304,6,4,111,97,2,3,1,28,7,5,2
14,2,1310.1105660793332,7,4,104,102,2,2,3,15,14,5,2
14,1,970.6390145766456,8,4,116,115,1,2,1,31,31,5,2
14,2,1254.6918123787405,9,4,119,103,2,2,1,35,15,5,2
14,1,1699.4910726132832,10,4,108,107,1,3,2,25,25,5,2
14,1,1059.2563816676463,11,3,82,87,2,1,3,22,23,5,2
14,2,851.4945980996936,12,3,67,69,1,1,3,10,10,5,2
14,1,638.0412814866232,13,3,65,64,1,2,1,9,9,5,2
14,1,667.8756040011916,14,3,88,90,1,1,3,36,36,5,2
14,2,1890.3265446933406,15,3,75,79,2,3,1,18,21,5,2
14,2,763.9797019887039,16,3,86,63,2,2,3,23,3,5,2
14,1,1252.7987954001846,17,3,78,76,1,3,1,19,19,5,2
14,2,991.7632094800242,18,3,62,82,2,2,1,3,22,5,2
14,1,1433.6985828038682,19,3,72,70,1,3,1,16,16,5,2
14,2,876.6444809206768,20,3,79,75,2,1,3,21,18,5,2
14,2,979.2160413978098,21,2,34,44,2,1,2,8,20,5,2
14,2,979.1852061843338,22,2,47,36,2,2,3,26,8,5,2
14,2,872.4643250778917,23,2,40,57,2,1,3,17,37,5,2
14,1,1327.0865769867453,24,2,53,54,1,2,3,33,33,5,2
14,1,1214.604666739697,25,2,37,38,1,1,2,11,11,5,2
14,2,984.2154014453272,26,2,57,40,2,3,1,37,17,5,2
14,1,1518.3067599207989,27,2,60,59,1,3,2,39,39,5,2
14,2,1030.541390801087,28,2,44,48,2,2,3,20,26,5,2
14,1,1123.177703844003,29,2,49,51,1,1,3,27,27,5,2
14,1,957.1477986657953,30,2,33,32,1,3,2,5,5,5,2
14,1,929.8699843194283,31,1,18,20,2,3,2,29,32,5,2
14,2,747.8836435347207,32,1,9,11,2,3,2,12,13,5,2
14,1,858.7055213806723,33,1,25,27,1,1,3,38,38,5,2
14,2,810.826702586201,34,1,10,24,2,1,3,13,34,5,2
14,1,506.8863017048609,35,1,14,15,1,2,3,24,24,5,2
14,1,914.6087052976814,36,1,1,2,1,1,2,2,2,5,2
14,1,804.6644920538598,37,1,20,7,2,2,1,32,12,5,2
14,1,643.7472499186872,38,1,30,29,1,3,2,40,40,5,2
14,2,1041.1512641956624,39,1,5,6,1,2,3,4,4,5,2
14,2,709.5709657185987,40,1,22,17,2,1,2,34,29,5,2
14,1,1082.5299797989894,41,3,65,87,2,2,3,9,23,5,2
14,1,570.5120137922439,42,3,73,74,1,1,2,18,18,5,2
14,2,674.304652139482,43,3,63,65,2,3,2,3,9,5,2
14,2,775.9364286155997,44,3,87,76,2,3,1,23,19,5,2
14,2,832.7196756582687,45,3,88,89,1,1,2,36,36,5,2
14,1,759.3245668129114,46,3,67,68,1,1,2,10,10,5,2
14,2,1683.774074146099,47,3,77,70,2,2,1,19,16,5,2
14,2,1222.4817907451584,48,3,71,63,2,2,3,16,3,5,2
14,1,1004.1878262955479,49,3,82,83,1,1,2,22,22,5,2
14,1,986.093460113823,50,3,81,80,1,3,2,21,21,5,2
14,1,990.5797650261503,51,4,104,105,1,2,3,15,15,5,2
14,1,1103.2199239037361,52,4,120,112,2,3,1,35,30,5,2
14,2,685.3502155548789,53,4,115,99,2,1,3,31,7,5,2
14,2,1941.9387965982946,54,4,109,119,2,1,2,28,35,5,2
14,2,680.7125392786929,55,4,95,96,1,2,3,6,6,5,2
14,1,1273.3023492027332,56,4,108,106,1,3,1,25,25,5,2
14,1,668.2452882498544,57,4,92,91,1,2,1,1,1,5,2
14,1,1136.974455885761,58,4,102,100,1,3,1,14,14,5,2
14,1,1187.3636182141254,59,4,112,111,2,1,3,30,28,5,2
14,2,517.5168402533378,60,4,97,117,2,1,3,7,31,5,2
14,1,873.3199377356249,61,2,52,53,1,1,2,33,33,5,2
14,1,1159.5149975219363,62,2,58,59,1,1,2,39,39,5,2
14,1,1931.3034731217701,63,2,41,40,1,2,1,17,17,5,2
14,1,1584.1399406285243,64,2,36,35,1,3,2,8,8,5,2
14,1,1285.5442079212487,65,2,55,48,2,1,3,37,26,5,2
14,2,781.3448976077874,66,2,51,31,2,3,1,27,5,5,2
14,2,1321.4787912297986,67,2,47,55,2,2,1,26,37,5,2
14,2,1232.3714035351718,68,2,37,51,2,1,3,11,27,5,2
14,1,968.2010950113672,69,2,44,45,1,2,3,20,20,5,2
14,2,942.9286844658501,70,2,33,38,2,3,2,5,11,5,2
14,1,630.5584029048831,71,1,19,21,1,1,3,32,32,5,2
14,2,745.9209411767634,72,1,11,25,2,2,1,13,38,5,2
14,2,1217.7065999499068,73,1,25,11,2,1,2,38,13,5,2
14,1,764.7768665530516,74,1,23,24,1,2,3,34,34,5,2
14,2,810.1320352368912,75,1,13,14,1,1,2,24,24,5,2
14,2,587.8975422958661,76,1,17,16,1,2,1,29,29,5,2
14,2,870.4886667184596,77,1,9,7,1,3,1,12,12,5,2
14,2,545.3562913600152,78,1,1,30,2,1,3,2,40,5,2
14,2,660.6710594606642,79,1,6,1,2,3,1,4,2,5,2
14,2,625.7155110069223,80,1,30,5,2,3,2,40,4,5,2
15,2,1395.8941791599304,1,2,36,31,2,3,1,8,5,5,2
15,2,1440.475249767734,2,2,52,54,1,1,3,33,33,5,2
15,1,1143.0363970331377,3,2,51,35,2,3,2,27,8,5,2
15,1,676.2736503817882,4,2,37,38,1,1,2,11,11,5,2
15,2,1186.106905258521,5,2,32,40,2,2,1,5,17,5,2
15,1,934.2576297072368,6,2,43,51,2,1,3,20,27,5,2
15,1,767.3025630274562,7,2,60,59,1,3,2,39,39,5,2
15,1,949.4507989331646,8,2,46,47,1,1,2,26,26,5,2
15,1,1432.9170313467778,9,2,56,57,1,2,3,37,37,5,2
15,2,1031.949198197268,10,2,41,45,2,2,3,17,20,5,2
15,1,1208.3181947766327,11,4,100,101,1,1,2,14,14,5,2
15,2,1169.8086908610294,12,4,110,109,1,2,1,28,28,5,2
15,2,1220.085766930133,13,4,103,113,2,1,2,15,30,5,2
15,1,1209.9288580635005,14,4,120,119,1,3,2,35,35,5,2
15,2,1925.4979480239645,15,4,97,95,2,1,2,7,6,5,2
15,1,1119.7003027806918,16,4,106,108,1,1,3,25,25,5,2
15,1,878.2198001326187,17,4,114,104,2,3,2,30,15,5,2
15,1,768.5568746849002,18,4,116,115,1,2,1,31,31,5,2
15,2,1081.9097393137208,19,4,96,91,2,3,1,6,1,5,2
15,2,990.7387826752836,20,4,92,99,2,2,3,1,7,5,2
15,2,1405.2896790865516,21,2,53,60,2,2,3,33,39,5,2
15,1,1393.688904955551,22,2,40,41,1,1,2,17,17,5,2
15,2,956.8099078026918,23,2,46,33,2,1,3,26,5,5,2
15,1,1516.8513311260663,24,2,36,34,1,3,1,8,8,5,2
15,2,1053.9882520549422,25,2,45,53,2,3,2,20,33,5,2
15,1,772.6563906530323,26,2,39,37,1,3,1,11,11,5,2
15,1,799.5245147796901,27,2,50,51,1,2,3,27,27,5,2
15,2,801.8362843570081,28,2,59,48,2,2,3,39,26,5,2
15,1,1064.2660890993925,29,2,55,56,1,1,2,37,37,5,2
15,2,1298.2212566202238,30,2,31,45,2,1,3,5,20,5,2
15,1,1309.5714630429475,31,3,70,72,1,1,3,16,16,5,2
15,1,1031.96741099461,32,3,81,79,1,3,1,21,21,5,2
15,1,972.5583190579964,33,3,67,68,1,1,2,10,10,5,2
15,2,1901.690413724918,34,3,89,64,2,2,1,36,9,5,2
15,2,895.4409142520437,35,3,73,84,2,1,3,18,22,5,2
15,2,1370.4662851988442,36,3,77,75,2,2,3,19,18,5,2
15,1,991.224328118539,37,3,85,86,1,1,2,23,23,5,2
15,2,847.140599399127,38,3,84,77,2,3,2,22,19,5,2
15,2,1223.4334477725545,39,3,65,88,2,2,1,9,36,5,2
15,1,955.1485334612091,40,3,63,61,1,3,1,3,3,5,2
15,1,814.4805574110876,41,1,5,4,1,2,1,4,4,5,2
15,2,1053.0961190938547,42,1,30,16,2,3,1,40,29,5,2
15,2,900.9160986933978,43,1,2,3,1,2,3,2,2,5,2
15,2,939.0020984469088,44,1,22,9,2,1,3,34,12,5,2
15,2,1597.1503984770038,45,1,13,14,1,1,2,24,24,5,2
15,2,1107.983396074333,46,1,11,12,1,2,3,13,13,5,2
15,2,1331.613727734638,47,1,7,24,2,1,3,12,34,5,2
15,2,955.753321771609,48,1,27,29,2,3,2,38,40,5,2
15,2,1046.3096738080908,49,1,18,25,2,3,1,29,38,5,2
15,1,955.5428733305873,50,1,19,21,1,1,3,32,32,5,2
15,2,1271.9216501169635,51,4,112,104,2,1,2,30,15,5,2
15,2,1740.2586372812968,52,4,93,112,2,3,1,1,30,5,2
15,1,1009.0824748405312,53,4,116,117,1,2,3,31,31,5,2
15,2,1500.4107672844507,54,4,106,93,2,1,3,25,1,5,2
15,1,1385.6422343297247,55,4,120,118,1,3,1,35,35,5,2
15,1,1009.3148580833545,56,4,94,95,1,1,2,6,6,5,2
15,2,1112.359691702281,57,4,101,106,2,2,1,14,25,5,2
15,1,995.1855871293062,58,4,110,111,1,2,3,28,28,5,2
15,1,1363.650366179969,59,4,103,102,2,1,3,15,14,5,2
15,1,1097.1405092661753,60,4,99,97,1,3,1,7,7,5,2
15,1,633.3672744269567,61,1,4,6,1,1,3,4,4,5,2
15,2,771.376661161208,62,1,15,14,1,3,2,24,24,5,2
15,2,1209.0336327311863,63,1,19,9,2,1,3,32,12,5,2
15,2,911.2171937888806,64,1,12,25,2,3,1,13,38,5,2
15,1,749.9546180166269,65,1,22,23,1,1,2,34,34,5,2
15,1,1064.9551714125787,66,1,18,16,1,3,1,29,29,5,2
15,1,885.2465797029415,67,1,25,20,2,1,2,38,32,5,2
15,2,825.0593785437366,68,1,8,1,2,2,1,12,2,5,2
15,2,1662.0866579634903,69,1,2,10,2,2,1,2,13,5,2
15,1,853.191682445412,70,1,29,30,1,2,3,40,40,5,2
15,1,1761.0621259866148,71,3,83,82,1,2,1,22,22,5,2
15,2,1015.111843300426,72,3,87,79,2,3,1,23,21,5,2
15,1,1383.003726342617,73,3,66,64,1,3,1,9,9,5,2
15,2,932.6551660229647,74,3,88,75,2,1,3,36,18,5,2
15,2,930.173699718107,75,3,67,90,2,1,3,10,36,5,2
15,1,1235.4621138968012,76,3,61,62,1,1,2,3,3,5,2
15,1,926.3397200847537,77,3,77,76,1,2,1,19,19,5,2
15,2,971.9681345033036,78,3,75,85,2,3,1,18,23,5,2
15,2,912.4723386902275,79,3,79,69,2,1,3,21,10,5,2
15,1,1018.2330150032642,80,3,71,72,1,2,3,16,16,5,2
16,2,1381.0355483844778,1,2,56,33,2,2,3,37,5,5,2
16,2,1707.5847492811483,2,2,37,57,2,1,3,11,37,5,2
16,1,1009.0371117607294,3,2,47,46,1,2,1,26,26,5,2
16,1,1702.5068753767448,4,2,43,44,1,1,2,20,20,5,2
16,2,1523.1368930212266,5,2,51,50,1,3,2,27,27,5,2
16,2,1437.4434664070964,6,2,40,59,2,1,2,17,39,5,2
16,1,986.4772070113997,7,2,33,38,2,3,2,5,11,5,2
16,2,1418.6985604052081,10,2,59,42,2,2,3,39,17,5,2
16,1,921.4674950930158,11,4,106,108,1,1,3,25,25,5,2
16,2,1518.5886284328114,12,4,96,116,2,3,2,6,31,5,2
16,1,1879.0833495805387,13,4,92,91,1,2,1,1,1,5,2
16,1,1052.5080825422426,14,4,109,111,1,1,3,28,28,5,2
16,1,1414.3427338121674,15,4,100,101,1,1,2,14,14,5,2
16,2,1073.2035127579543,16,4,114,95,2,3,2,30,6,5,2
16,2,1663.1362034691688,17,4,105,97,2,3,1,15,7,5,2
16,2,911.309159937899,18,4,115,105,2,1,3,31,15,5,2
16,2,862.7256109435257,19,4,98,114,2,2,3,7,30,5,2
16,2,1087.9093038150504,20,4,119,118,1,2,1,35,35,5,2
16,1,1433.464026811396,21,3,69,85,2,3,1,10,23,5,2
16,1,1123.603223904824,22,3,82,83,1,1,2,22,22,5,2
16,2,1310.0815756317586,24,3,74,73,1,2,1,18,18,5,2
16,1,1597.2705483608274,25,3,72,76,2,3,1,16,19,5,2
16,1,1632.5511413585582,26,3,64,66,1,1,3,9,9,5,2
16,1,1308.8766797428384,27,3,62,61,1,2,1,3,3,5,2
16,2,1543.1944754136703,28,3,85,89,2,1,2,23,36,5,2
16,2,1255.9314058040486,29,3,88,69,2,1,3,36,10,5,2
16,2,1211.1197725980392,30,3,78,71,2,3,2,19,16,5,2
16,1,1518.7641989164479,31,1,25,27,1,1,3,38,38,5,2
16,1,906.2665018195955,35,1,7,8,1,1,2,12,12,5,2
16,2,1398.897095458511,36,1,15,1,2,3,1,24,2,5,2
16,2,1722.7862456693738,37,1,4,11,2,1,2,4,13,5,2
16,1,1343.3872344409106,38,1,20,19,1,2,1,32,32,5,2
16,2,1838.752563558117,39,1,28,6,2,1,3,40,4,5,2
16,1,1242.044859248568,40,1,24,22,1,3,1,34,34,5,2
16,1,947.2871861166158,41,2,59,60,1,2,3,39,39,5,2
16,1,1240.0415120628493,42,2,54,31,2,3,1,33,5,5,2
16,2,893.7456017603574,43,2,39,49,2,3,1,11,27,5,2
16,1,2135.1176474200756,44,2,41,42,1,2,3,17,17,5,2
16,1,1086.6170974062752,45,2,55,57,1,1,3,37,37,5,2
16,1,1057.866721235178,46,2,36,34,1,3,1,8,8,5,2
16,2,1114.807896637849,47,2,49,53,2,1,2,27,33,5,2
16,2,1383.2061368692557,48,2,32,43,2,2,1,5,20,5,2
16,2,1029.947350554498,49,2,43,39,2,1,3,20,11,5,2
16,1,1528.6928516582152,50,2,46,48,1,1,3,26,26,5,2
16,1,1403.742563433755,51,3,86,87,1,2,3,23,23,5,2
16,2,1019.8696900347597,52,3,84,77,2,3,2,22,19,5,2
16,1,1400.498092614002,53,3,72,79,2,3,1,16,21,5,2
16,1,2564.387576259158,54,3,61,62,1,1,2,3,3,5,2
16,2,1727.3447107737923,56,3,67,68,1,1,2,10,10,5,2
16,1,1095.5343898065742,57,3,64,65,1,1,2,9,9,5,2
16,2,1200.6260519743964,58,3,77,88,2,2,1,19,36,5,2
16,1,1199.046281160244,59,3,89,82,2,2,1,36,22,5,2
16,1,1294.2558185609623,60,3,75,73,1,3,1,18,18,5,2
16,2,2116.547919257645,61,4,97,102,2,1,3,7,14,5,2
16,1,1032.887454571703,62,4,103,104,1,1,2,15,15,5,2
16,2,1365.039606273532,63,4,107,118,2,2,1,25,35,5,2
16,1,1193.1745709761678,64,4,101,94,2,2,1,14,6,5,2
16,2,728.3574639388121,66,4,110,111,1,2,3,28,28,5,2
16,2,1696.6851950171617,67,4,96,97,2,3,1,6,7,5,2
16,1,1272.697173162344,68,4,120,106,2,3,1,35,25,5,2
16,2,2159.539062931344,69,4,112,113,1,1,2,30,30,5,2
16,1,1404.558980001943,70,4,115,117,1,1,3,31,31,5,2
16,1,1570.8632217426132,72,1,13,15,1,1,3,24,24,5,2
16,1,1507.5641069020803,73,1,23,3,2,2,3,34,2,5,2
16,2,787.1932043523659,74,1,1,8,2,1,2,2,12,5,2
16,1,1475.7937716213828,75,1,4,6,1,1,3,4,4,5,2
16,1,2716.389647518149,76,1,12,17,2,3,2,13,29,5,2
16,2,1106.96291358442,77,1,7,24,2,1,3,12,34,5,2
16,2,1928.8824544321851,78,1,21,20,1,3,2,32,32,5,2
16,2,1627.188303947246,79,1,17,12,2,2,3,29,13,5,2
16,1,1638.7439937546887,80,1,30,28,1,3,1,40,40,5,2
18,1,1290.7193884639232,1,4,118,92,2,1,2,35,1,5,2
18,1,1604.507848977499,2,4,105,103,1,3,1,15,15,5,2
18,1,1326.0440626778525,3,4,116,115,1,2,1,31,31,5,2
18,1,1816.71673236849,4,4,114,113,1,3,2,30,30,5,2
18,2,839.2622954969959,5,4,91,111,2,1,3,1,28,5,2
18,2,744.3372347490968,6,4,109,101,2,1,2,28,14,5,2
18,1,1155.8972763846034,7,4,100,99,2,1,3,14,7,5,2
18,1,965.8511708691638,8,4,107,108,1,2,3,25,25,5,2
18,2,937.1932677821443,9,4,99,118,2,3,1,7,35,5,2
18,1,775.0051197212811,10,4,95,94,1,2,1,6,6,5,2
18,1,888.3290672301652,11,1,6,13,2,3,1,4,24,5,2
18,2,1235.0864548126028,12,1,16,26,2,1,2,29,38,5,2
18,2,940.6207934059532,13,1,13,5,2,1,2,24,4,5,2
18,1,1359.68430712871,14,1,20,19,1,2,1,32,32,5,2
18,2,703.2188666611522,15,1,27,10,2,3,1,38,13,5,2
18,2,1044.0923943609305,16,1,10,18,2,1,3,13,29,5,2
18,1,820.352612583058,17,1,3,1,1,3,1,2,2,5,2
18,1,1017.3243946365714,18,1,23,24,1,2,3,34,34,5,2
18,1,936.5520834975441,19,1,7,9,1,1,3,12,12,5,2
18,1,832.9476318887155,20,1,29,30,1,2,3,40,40,5,2
18,1,627.5057778869601,21,2,59,60,1,2,3,39,39,5,2
18,2,1393.3734345998123,22,2,46,44,2,1,2,26,20,5,2
18,2,756.4364298164173,23,2,37,33,2,1,3,11,5,5,2
18,2,798.4483577906235,24,2,42,38,2,3,2,17,11,5,2
18,2,738.9118385621551,25,2,45,47,2,3,2,20,26,5,2
18,1,1097.0262700403568,26,2,57,56,1,3,2,37,37,5,2
18,2,979.0974616666239,27,2,32,40,2,2,1,5,17,5,2
18,1,1161.4603730780168,28,2,52,54,1,1,3,33,33,5,2
18,1,652.2632262376628,29,2,49,50,1,1,2,27,27,5,2
18,1,742.2540772353439,30,2,35,34,1,2,1,8,8,5,2
18,1,1362.329848683719,31,3,82,83,1,1,2,22,22,5,2
18,1,870.5343521553693,32,3,81,67,2,3,1,21,10,5,2
18,1,698.08571274881206,33,3,62,61,1,2,1,3,3,5,2
18,2,739.9479163014147,34,3,74,76,2,2,1,18,19,5,2
18,2,992.3262161488307,35,3,88,80,2,1,2,36,21,5,2
18,2,975.9468717965099,36,3,67,74,2,1,2,10,18,5,2
18,1,717.3699736006888,37,3,87,85,1,3,1,23,23,5,2
18,1,719.780102648338,38,3,65,64,1,2,1,9,9,5,2
18,1,830.1224884409128,39,3,70,72,1,1,3,16,16,5,2
18,1,658.3773361964168,40,3,78,89,2,3,2,19,36,5,2
18,2,938.5252804835293,41,4,111,98,2,3,2,28,7,5,2
18,2,1053.7370133026745,42,4,105,104,1,3,2,15,15,5,2
18,1,680.4960873349944,43,4,114,113,1,3,2,30,30,5,2
18,1,1010.758987991434,44,4,92,91,1,2,1,1,1,5,2
18,2,1261.9307896765101,45,4,95,108,2,2,3,6,25,5,2
18,2,884.033082372797,46,4,106,96,2,1,3,25,6,5,2
18,2,910.5950153112486,47,4,97,102,2,1,3,7,14,5,2
18,1,926.9357846856767,48,4,115,116,1,1,2,31,31,5,2
18,1,761.3729032482379,49,4,118,120,1,1,3,35,35,5,2
18,2,952.8777014111508,50,4,101,109,2,2,1,14,28,5,2
18,1,1522.856102616782,51,1,15,14,1,3,2,24,24,5,2
18,1,947.6553453091547,52,1,6,19,2,3,1,4,32,5,2
18,1,902.6047303865373,53,1,25,26,1,1,2,38,38,5,2
18,2,892.9084107834647,54,1,2,30,2,2,3,2,40,5,2
18,2,877.4596367934436,55,1,29,6,2,2,3,40,4,5,2
18,2,687.4095928507076,56,1,8,9,1,2,3,12,12,5,2
18,1,718.9013738221872,57,1,10,11,1,1,2,13,13,5,2
18,2,1412.3390558091278,58,1,18,2,2,3,2,29,2,5,2
18,1,1026.0970901334472,59,1,22,24,1,1,3,34,34,5,2
18,2,1293.1703765501265,60,1,19,18,2,1,3,32,29,5,2
18,2,896.6711234252919,61,3,76,72,2,1,3,19,16,5,2
18,1,763.6797853696864,62,3,69,67,1,3,1,10,10,5,2
18,1,797.5235541862021,63,3,63,61,1,3,1,3,3,5,2
18,2,965.7019667767152,64,3,74,64,2,2,1,18,9,5,2
18,1,765.7624293311198,66,3,79,81,1,1,3,21,21,5,2
18,1,1218.8737329085395,67,3,86,87,1,2,3,23,23,5,2
18,2,754.8476648101091,68,3,83,73,2,2,1,22,18,5,2
18,1,992.3168723880179,69,3,88,89,1,1,2,36,36,5,2
18,2,708.6526952089075,70,3,72,82,2,3,1,16,22,5,2
18,2,1324.8117000174684,71,2,55,56,1,1,2,37,37,5,2
18,2,752.647088655777,72,2,31,50,2,1,2,5,27,5,2
18,1,850.6539649960265,73,2,49,41,2,1,2,27,17,5,2
18,2,917.91466757119,74,2,54,31,2,3,1,33,5,5,2
18,1,976.0549682211856,75,2,47,46,1,2,1,26,26,5,2
18,1,903.2398429546603,76,2,34,35,1,1,2,8,8,5,2
18,1,812.0256223349465,77,2,60,58,1,3,1,39,39,5,2
18,2,1193.3241009057854,78,2,38,54,2,2,3,11,33,5,2
18,2,883.5067402146614,79,2,41,37,2,2,1,17,11,5,2
18,1,1148.6403655657175,80,2,45,44,1,3,2,20,20,5,2
19,1,1803.4532057631789,1,2,58,60,1,1,3,39,39,5,2
19,1,1222.5113844761493,2,2,40,41,1,1,2,17,17,5,2
19,2,1279.8087520997171,3,2,51,46,2,3,1,27,26,5,2
19,1,1080.8058640881497,4,2,54,53,1,3,2,33,33,5,2
19,2,1440.1280690741937,5,2,36,44,2,3,2,8,20,5,2
19,1,1403.8615761383587,6,2,55,56,1,1,2,37,37,5,2
19,2,1565.421423311064,7,2,37,50,2,1,2,11,27,5,2
19,2,1175.2525631393744,8,2,32,33,1,2,3,5,5,5,2
19,1,1617.7755205987146,9,2,47,36,2,2,3,26,8,5,2
19,2,1295.119147882976,10,2,44,39,2,2,3,20,11,5,2
19,1,1388.9128051677412,11,1,1,2,1,1,2,2,2,5,2
19,1,952.9982075001012,12,1,4,15,2,1,3,4,24,5,2
19,2,679.8594042696075,13,1,10,6,2,1,3,13,4,5,2
19,2,1041.230133980272,14,1,13,11,2,1,2,24,13,5,2
19,1,1037.8338755874213,15,1,8,9,1,2,3,12,12,5,2
19,1,1326.5273975367911,16,1,24,29,2,3,2,34,40,5,2
19,1,1907.8314836015243,17,1,18,16,1,3,1,29,29,5,2
19,2,781.9163245804299,18,1,30,23,2,3,2,40,34,5,2
19,1,906.0631035129838,19,1,26,25,1,2,1,38,38,5,2
19,1,928.3323806993833,20,1,20,19,1,2,1,32,32,5,2
19,2,922.2348459614659,21,3,77,76,1,2,1,19,19,5,2
19,2,1253.8758186674265,22,3,70,84,2,1,3,16,22,5,2
19,2,1233.395801432247,23,3,84,64,2,3,1,22,9,5,2
19,1,1350.3641490061616,24,3,79,81,1,1,3,21,21,5,2
19,1,1858.6541318395382,25,3,69,67,1,3,1,10,10,5,2
19,1,1071.7169684094486,26,3,88,89,1,1,2,36,36,5,2
19,2,1865.922980706814,27,3,74,61,2,2,1,18,3,5,2
19,1,1100.4310965992922,28,3,86,87,1,2,3,23,23,5,2
19,1,1444.8920866722026,29,3,66,71,2,3,2,9,16,5,2
19,2,2174.400455668281,30,3,61,74,2,1,2,3,18,5,2
19,2,1809.2896868512223,31,2,38,31,2,2,1,11,5,5,2
19,2,1093.7323941132918,32,2,57,50,2,3,2,37,27,5,2
19,1,1211.1043742328775,33,2,52,54,1,1,3,33,33,5,2
19,1,1453.7819858964558,34,2,47,37,2,2,1,26,11,5,2
19,2,821.8444563850087,35,2,40,42,1,1,3,17,17,5,2
19,2,1116.390969487943,36,2,32,48,2,2,3,5,26,5,2
19,1,1022.3424479849868,37,2,60,58,1,3,1,39,39,5,2
19,2,1360.0563323729968,38,2,34,35,1,1,2,8,8,5,2
19,2,1052.5705042427603,39,2,49,56,2,1,2,27,37,5,2
19,1,960.3073634316145,40,2,45,44,1,3,2,20,20,5,2
19,2,1140.0300640883454,41,3,76,69,2,1,3,19,10,5,2
19,1,1004.1401876282033,42,3,71,72,1,2,3,16,16,5,2
19,2,1502.9478333114644,43,3,79,78,2,1,3,21,19,5,2
19,2,1214.1237157045873,44,3,62,63,1,2,3,3,3,5,2
19,2,1120.7821139359924,45,3,90,73,2,3,1,36,18,5,2
19,2,1114.5975232244132,46,3,75,88,2,3,1,18,36,5,2
19,1,1021.4470042668984,47,3,86,85,1,2,1,23,23,5,2
19,1,1185.4014996452042,48,3,84,82,1,3,1,22,22,5,2
19,2,1403.5509603280545,49,3,67,81,2,1,3,10,21,5,2
19,1,1197.6620848917653,50,3,64,66,1,1,3,9,9,5,2
19,2,1110.1506020613465,51,4,96,104,2,3,2,6,15,5,2
19,2,1550.4572364886453,52,4,99,119,2,3,2,7,35,5,2
19,1,1342.484457268829,53,4,115,96,2,1,3,31,6,5,2
19,1,1596.3123431370489,54,4,112,114,1,1,3,30,30,5,2
19,2,798.6847928972707,55,4,92,93,1,2,3,1,1,5,2
19,2,1646.9343753229655,56,4,107,108,1,2,3,25,25,5,2
19,1,2405.9911117482557,57,4,111,109,1,3,1,28,28,5,2
19,2,1008.2901749908294,60,4,118,116,2,1,2,35,31,5,2
19,1,1608.0233695891188,61,1,4,6,1,1,3,4,4,5,2
19,2,1821.2625729844392,62,1,15,7,2,3,1,24,12,5,2
19,1,1262.205479804826,63,1,1,2,1,1,2,2,2,5,2
19,1,819.1006495561383,64,1,21,20,1,3,2,32,32,5,2
19,1,1213.2529324615602,65,1,7,14,2,1,2,12,24,5,2
19,1,1014.6043140926749,66,1,23,24,1,2,3,34,34,5,2
19,2,1121.0445442694984,67,1,25,30,2,1,3,38,40,5,2
19,1,1195.8493906460646,68,1,12,11,1,3,2,13,13,5,2
19,2,956.0691650058226,69,1,17,27,2,2,3,29,38,5,2
19,2,1052.4395569681694,70,1,29,16,2,2,1,40,29,5,2
19,2,858.8362305660572,71,4,119,91,2,2,1,35,1,5,2
19,2,1149.1498673361107,72,4,109,117,2,1,3,28,31,5,2
19,2,1962.7106560729858,73,4,117,113,2,3,2,31,30,5,2
19,2,1051.7921485196189,74,4,98,97,1,2,1,7,7,5,2
19,2,1101.8194797943104,75,4,112,119,2,1,2,30,35,5,2
19,2,1477.5121035851625,76,4,108,106,1,3,1,25,25,5,2
19,2,2062.8916459875027,77,4,91,110,2,1,2,1,28,5,2
19,1,1694.9242019730455,78,4,102,100,1,3,1,14,14,5,2
19,1,1023.8062152285308,79,4,94,95,1,1,2,6,6,5,2
19,2,840.4912724159535,80,4,104,103,1,2,1,15,15,5,2
20,1,888.0973808585136,1,3,90,89,1,3,2,36,36,5,2
20,2,697.0330367806914,2,3,68,64,2,2,1,10,9,5,2
20,2,905.5860548141047,3,3,87,86,1,3,2,23,23,5,2
20,1,1215.571638488881,4,3,77,76,1,2,1,19,19,5,2
20,2,781.985454570169,5,3,82,84,1,1,3,22,22,5,2
20,2,946.2588850742898,6,3,79,69,2,1,3,21,10,5,2
20,2,1097.093512164356,7,3,63,79,2,3,1,3,21,5,2
20,2,1046.300789622699,8,3,65,75,2,2,3,9,18,5,2
20,2,1185.8277133925567,9,3,73,63,2,1,3,18,3,5,2
20,1,1380.0877676244306,10,3,70,71,1,1,2,16,16,5,2
20,2,989.3109197590165,11,1,13,17,2,1,2,24,29,5,2
20,1,1152.8589928340257,12,1,23,22,1,2,1,34,34,5,2
20,1,788.1205571853245,13,1,21,19,1,3,1,32,32,5,2
20,1,945.768236394641,16,1,8,7,1,2,1,12,12,5,2
20,2,1598.1891011857326,17,1,11,15,2,2,3,13,24,5,2
20,1,909.0452673790871,18,1,4,5,1,1,2,4,4,5,2
20,2,686.7421526818417,19,1,25,3,2,1,3,38,2,5,2
20,2,718.3679916886642,20,1,18,10,2,3,1,29,13,5,2
20,2,1454.6338631095234,21,4,94,105,2,1,3,6,15,5,2
20,2,886.1652141555213,22,4,117,91,2,3,1,31,1,5,2
20,1,1646.1015942675763,23,4,114,113,1,3,2,30,30,5,2
20,2,1117.6474043094313,24,4,106,108,1,1,3,25,25,5,2
20,1,719.8239455350101,25,4,119,120,1,2,3,35,35,5,2
20,1,1003.3240963453202,26,4,100,101,1,1,2,14,14,5,2
20,2,920.1076494336769,27,4,97,96,2,1,3,7,6,5,2
20,2,776.5995192779019,28,4,92,97,2,2,1,1,7,5,2
20,2,944.5964612315595,29,4,104,117,2,2,3,15,31,5,2
20,1,1410.0799259582827,30,4,111,109,1,3,1,28,28,5,2
20,1,1169.8167531174458,31,2,60,58,1,3,1,39,39,5,2
20,2,1548.6004708585183,32,2,44,52,2,2,1,20,33,5,2
20,1,839.588923116537,33,2,56,57,1,2,3,37,37,5,2
20,1,1024.2216434894121,34,2,38,39,1,2,3,11,11,5,2
20,1,899.5364841112023,35,2,46,47,1,1,2,26,26,5,2
20,2,1155.4538032443068,36,2,34,32,2,1,2,8,5,5,2
20,2,1547.7907938535548,37,2,33,34,2,3,1,5,8,5,2
20,1,814.6263111249953,38,2,42,41,1,3,2,17,17,5,2
20,2,979.6068688399487,39,2,49,44,2,1,2,27,20,5,2
20,2,937.4416625017718,40,2,52,51,2,1,3,33,27,5,2
20,1,949.476151838563,41,1,1,2,1,1,2,2,2,5,2
20,1,700.752792198289,42,1,7,8,1,1,2,12,12,5,2
20,2,1001.3025517083779,43,1,6,26,2,3,2,4,38,5,2
20,2,786.6691766949491,44,1,18,4,2,3,1,29,4,5,2
20,1,828.8671838515994,45,1,19,21,1,1,3,32,32,5,2
20,1,1338.7306314601856,46,1,29,28,1,2,1,40,40,5,2
20,2,811.972323259653,47,1,26,15,2,2,3,38,24,5,2
20,1,756.2894157289344,48,1,11,10,1,2,1,13,13,5,2
20,2,899.7887710708533,49,1,24,16,2,3,1,34,29,5,2
20,2,1113.5358019317464,50,1,13,24,2,1,3,24,34,5,2
20,1,1175.633410029943,51,2,40,41,1,1,2,17,17,5,2
20,1,962.2223327252176,52,2,52,54,1,1,3,33,33,5,2
20,2,1019.8827410799383,53,2,46,44,2,1,2,26,20,5,2
20,2,1367.294919845987,54,2,35,48,2,2,3,8,26,5,2
20,2,1055.6563166312576,55,2,56,36,2,2,3,37,8,5,2
20,1,924.269194898106,56,2,49,50,1,1,2,27,27,5,2
20,1,1329.7985151215034,57,2,38,39,1,2,3,11,11,5,2
20,2,957.9740483816795,58,2,45,59,2,3,2,20,39,5,2
20,2,917.1680849250757,59,2,60,56,2,3,2,39,37,5,2
20,1,838.6606364722386,60,2,33,32,1,3,2,5,5,5,2
20,1,746.6598396723698,61,4,111,109,1,3,1,28,28,5,2
20,2,901.4003084008789,62,4,92,106,2,2,1,1,25,5,2
20,1,618.2681194111688,63,4,97,99,1,1,3,7,7,5,2
20,1,936.2280537589222,64,4,113,112,1,2,1,30,30,5,2
20,2,759.2967330923564,65,4,104,102,2,2,3,15,14,5,2
20,2,1128.924079651813,67,4,120,91,2,3,1,35,1,5,2
20,2,886.9312407237342,68,4,106,105,2,1,3,25,15,5,2
20,2,697.9440834546026,69,4,102,119,2,3,2,14,35,5,2
20,1,1135.2539877408572,70,4,115,116,1,1,2,31,31,5,2
20,2,700.2591991096912,71,3,78,70,2,3,1,19,16,5,2
20,1,951.268609148693,72,3,64,66,1,1,3,9,9,5,2
20,2,771.1651272476831,73,3,67,81,2,1,3,10,21,5,2
20,1,1092.2089031953483,74,3,87,86,1,3,2,23,23,5,2
20,2,902.6656566036708,75,3,71,61,2,2,1,16,3,5,2
20,2,749.9909470149081,76,3,61,78,2,1,3,3,19,5,2
20,2,597.9681928671666,77,3,79,69,2,1,3,21,10,5,2
20,1,987.8766400153067,78,3,83,82,1,2,1,22,22,5,2
20,1,1182.889132434392,79,3,90,89,1,3,2,36,36,5,2
20,1,1358.0778481935906,80,3,74,75,1,2,3,18,18,5,2
